config,clf,repeat,fold,n_after_vif,ofc,params
MS,RF,0,0,2,MS_CIre;MS_PSRI,"{'clf__max_features': 'sqrt', 'clf__min_samples_leaf': 3}"
MS,SVM,0,0,2,MS_CIre;MS_PSRI,"{'clf__C': np.float64(0.5), 'clf__gamma': np.float64(0.125)}"
MS,KNN,0,0,2,MS_CIre;MS_PSRI,"{'clf__n_neighbors': 11, 'clf__weights': 'uniform'}"
HS,RF,0,0,5,HS_REP;HS_CR670,"{'clf__max_features': 'sqrt', 'clf__min_samples_leaf': 1}"
HS,SVM,0,0,5,HS_R550;HS_REP;HS_CR670;HS_NDWI,"{'clf__C': np.float64(512.0), 'clf__gamma': np.float64(0.0078125)}"
HS,KNN,0,0,5,HS_REP,"{'clf__n_neighbors': 5, 'clf__weights': 'uniform'}"
RGB,RF,0,0,2,RGB_contrast,"{'clf__max_features': 'sqrt', 'clf__min_samples_leaf': 1}"
RGB,SVM,0,0,2,RGB_contrast,"{'clf__C': np.float64(512.0), 'clf__gamma': np.float64(2.0)}"
RGB,KNN,0,0,2,RGB_contrast;RGB_ExG,"{'clf__n_neighbors': 3, 'clf__weights': 'uniform'}"
TIR,RF,0,0,2,TIR_CTD;TIR_CT,"{'clf__max_features': 'sqrt', 'clf__min_samples_leaf': 3}"
TIR,SVM,0,0,2,TIR_CTD;TIR_CT,"{'clf__C': np.float64(0.125), 'clf__gamma': np.float64(2.0)}"
TIR,KNN,0,0,2,TIR_CTD;TIR_CT,"{'clf__n_neighbors': 9, 'clf__weights': 'uniform'}"
MS+TIR,RF,0,0,4,MS_CIre;TIR_CT,"{'clf__max_features': 'sqrt', 'clf__min_samples_leaf': 3}"
MS+TIR,SVM,0,0,4,MS_CIre;MS_PSRI,"{'clf__C': np.float64(0.5), 'clf__gamma': np.float64(0.125)}"
MS+TIR,KNN,0,0,4,MS_CIre;TIR_CT,"{'clf__n_neighbors': 7, 'clf__weights': 'uniform'}"
ALL4,RF,0,0,9,HS_REP;TIR_CT,"{'clf__max_features': 'sqrt', 'clf__min_samples_leaf': 3}"
ALL4,SVM,0,0,9,HS_R550;HS_REP;RGB_contrast;TIR_CTD;TIR_CT,"{'clf__C': np.float64(32.0), 'clf__gamma': np.float64(0.03125)}"
ALL4,KNN,0,0,9,HS_REP;TIR_CT,"{'clf__n_neighbors': 9, 'clf__weights': 'distance'}"
MS,RF,0,1,3,MS_NDRE,"{'clf__max_features': 'sqrt', 'clf__min_samples_leaf': 1}"
MS,SVM,0,1,3,MS_NDRE,"{'clf__C': np.float64(128.0), 'clf__gamma': np.float64(0.03125)}"
MS,KNN,0,1,3,MS_NDRE,"{'clf__n_neighbors': 7, 'clf__weights': 'uniform'}"
HS,RF,0,1,5,HS_REP;HS_CR670;HS_NDWI,"{'clf__max_features': 'sqrt', 'clf__min_samples_leaf': 3}"
HS,SVM,0,1,5,HS_REP,"{'clf__C': np.float64(2048.0), 'clf__gamma': np.float64(0.03125)}"
HS,KNN,0,1,5,HS_REP,"{'clf__n_neighbors': 5, 'clf__weights': 'uniform'}"
RGB,RF,0,1,3,RGB_contrast,"{'clf__max_features': 'sqrt', 'clf__min_samples_leaf': 1}"
RGB,SVM,0,1,3,RGB_contrast;RGB_entropy,"{'clf__C': np.float64(128.0), 'clf__gamma': np.float64(0.03125)}"
RGB,KNN,0,1,3,RGB_contrast;RGB_entropy,"{'clf__n_neighbors': 9, 'clf__weights': 'distance'}"
TIR,RF,0,1,2,TIR_CTD;TIR_CT,"{'clf__max_features': 'sqrt', 'clf__min_samples_leaf': 3}"
TIR,SVM,0,1,2,TIR_CTD;TIR_CT,"{'clf__C': np.float64(2048.0), 'clf__gamma': np.float64(0.03125)}"
TIR,KNN,0,1,2,TIR_CTD;TIR_CT,"{'clf__n_neighbors': 7, 'clf__weights': 'distance'}"
MS+TIR,RF,0,1,5,MS_NDRE;TIR_CT,"{'clf__max_features': 'sqrt', 'clf__min_samples_leaf': 3}"
MS+TIR,SVM,0,1,5,MS_NDRE;TIR_CTD,"{'clf__C': np.float64(2048.0), 'clf__gamma': np.float64(0.125)}"
MS+TIR,KNN,0,1,5,MS_NDRE;TIR_CTD;TIR_CT,"{'clf__n_neighbors': 5, 'clf__weights': 'uniform'}"
ALL4,RF,0,1,11,HS_R550;HS_REP;RGB_contrast;TIR_CTD,"{'clf__max_features': 'sqrt', 'clf__min_samples_leaf': 1}"
ALL4,SVM,0,1,11,HS_REP;RGB_contrast;TIR_CTD,"{'clf__C': np.float64(32.0), 'clf__gamma': np.float64(0.5)}"
ALL4,KNN,0,1,11,HS_REP;TIR_CTD,"{'clf__n_neighbors': 11, 'clf__weights': 'distance'}"
MS,RF,0,2,2,MS_NDRE;MS_PSRI,"{'clf__max_features': 'sqrt', 'clf__min_samples_leaf': 1}"
MS,SVM,0,2,2,MS_NDRE;MS_PSRI,"{'clf__C': np.float64(32.0), 'clf__gamma': np.float64(0.125)}"
MS,KNN,0,2,2,MS_NDRE;MS_PSRI,"{'clf__n_neighbors': 15, 'clf__weights': 'distance'}"
HS,RF,0,2,5,HS_REP;HS_CR670;HS_PRI,"{'clf__max_features': 'sqrt', 'clf__min_samples_leaf': 1}"
HS,SVM,0,2,5,HS_REP;HS_CR670;HS_NDWI;HS_PRI,"{'clf__C': np.float64(8.0), 'clf__gamma': np.float64(0.03125)}"
HS,KNN,0,2,5,HS_REP,"{'clf__n_neighbors': 7, 'clf__weights': 'uniform'}"
RGB,RF,0,2,3,RGB_contrast;RGB_entropy,"{'clf__max_features': 'sqrt', 'clf__min_samples_leaf': 1}"
RGB,SVM,0,2,3,RGB_contrast,"{'clf__C': np.float64(8.0), 'clf__gamma': np.float64(0.5)}"
RGB,KNN,0,2,3,RGB_contrast;RGB_entropy,"{'clf__n_neighbors': 9, 'clf__weights': 'uniform'}"
TIR,RF,0,2,2,TIR_CTD;TIR_CT,"{'clf__max_features': 'sqrt', 'clf__min_samples_leaf': 3}"
TIR,SVM,0,2,2,TIR_CTD;TIR_CT,"{'clf__C': np.float64(8.0), 'clf__gamma': np.float64(2.0)}"
TIR,KNN,0,2,2,TIR_CTD;TIR_CT,"{'clf__n_neighbors': 7, 'clf__weights': 'uniform'}"
MS+TIR,RF,0,2,4,MS_NDRE;TIR_CT,"{'clf__max_features': 'sqrt', 'clf__min_samples_leaf': 3}"
MS+TIR,SVM,0,2,4,MS_NDRE;TIR_CTD;TIR_CT,"{'clf__C': np.float64(128.0), 'clf__gamma': np.float64(0.125)}"
MS+TIR,KNN,0,2,4,MS_NDRE;TIR_CT,"{'clf__n_neighbors': 5, 'clf__weights': 'uniform'}"
ALL4,RF,0,2,10,HS_R550;HS_REP;RGB_contrast;TIR_CTD,"{'clf__max_features': 'sqrt', 'clf__min_samples_leaf': 3}"
ALL4,SVM,0,2,10,HS_REP;RGB_contrast;RGB_ExG;TIR_CTD,"{'clf__C': np.float64(32.0), 'clf__gamma': np.float64(0.0078125)}"
ALL4,KNN,0,2,10,HS_REP;RGB_contrast;TIR_CTD,"{'clf__n_neighbors': 7, 'clf__weights': 'distance'}"
MS,RF,0,3,2,MS_CIre;MS_PSRI,"{'clf__max_features': 'sqrt', 'clf__min_samples_leaf': 3}"
MS,SVM,0,3,2,MS_CIre;MS_PSRI,"{'clf__C': np.float64(2.0), 'clf__gamma': np.float64(0.5)}"
MS,KNN,0,3,2,MS_CIre;MS_PSRI,"{'clf__n_neighbors': 3, 'clf__weights': 'distance'}"
HS,RF,0,3,5,HS_R550;HS_REP;HS_CR670,"{'clf__max_features': 'sqrt', 'clf__min_samples_leaf': 3}"
HS,SVM,0,3,5,HS_R550;HS_REP;HS_CR670,"{'clf__C': np.float64(8.0), 'clf__gamma': np.float64(0.0078125)}"
HS,KNN,0,3,5,HS_REP,"{'clf__n_neighbors': 5, 'clf__weights': 'uniform'}"
RGB,RF,0,3,3,RGB_contrast;RGB_entropy,"{'clf__max_features': 'sqrt', 'clf__min_samples_leaf': 1}"
RGB,SVM,0,3,3,RGB_contrast,"{'clf__C': np.float64(128.0), 'clf__gamma': np.float64(0.03125)}"
RGB,KNN,0,3,3,RGB_contrast,"{'clf__n_neighbors': 11, 'clf__weights': 'distance'}"
TIR,RF,0,3,2,TIR_CTD;TIR_CT,"{'clf__max_features': 'sqrt', 'clf__min_samples_leaf': 1}"
TIR,SVM,0,3,2,TIR_CTD;TIR_CT,"{'clf__C': np.float64(512.0), 'clf__gamma': np.float64(0.001953125)}"
TIR,KNN,0,3,2,TIR_CTD;TIR_CT,"{'clf__n_neighbors': 7, 'clf__weights': 'uniform'}"
MS+TIR,RF,0,3,4,MS_CIre;TIR_CTD;TIR_CT,"{'clf__max_features': 'sqrt', 'clf__min_samples_leaf': 1}"
MS+TIR,SVM,0,3,4,MS_CIre;TIR_CTD,"{'clf__C': np.float64(2.0), 'clf__gamma': np.float64(0.125)}"
MS+TIR,KNN,0,3,4,MS_CIre;TIR_CTD,"{'clf__n_neighbors': 7, 'clf__weights': 'uniform'}"
ALL4,RF,0,3,10,HS_R550;HS_REP;RGB_contrast;TIR_CTD;TIR_CT,"{'clf__max_features': 'sqrt', 'clf__min_samples_leaf': 1}"
ALL4,SVM,0,3,10,HS_REP;RGB_contrast;TIR_CTD;TIR_CT,"{'clf__C': np.float64(2.0), 'clf__gamma': np.float64(0.125)}"
ALL4,KNN,0,3,10,MS_PSRI;HS_REP;RGB_contrast;TIR_CTD;TIR_CT,"{'clf__n_neighbors': 5, 'clf__weights': 'uniform'}"
