config,clf,repeat,fold,row,plot_id,date,y_true,y_pred
MS,RF,0,0,20,P06,D1,0,0
MS,RF,0,0,21,P06,D2,0,0
MS,RF,0,0,22,P06,D3,0,0
MS,RF,0,0,23,P06,D4,0,0
MS,RF,0,0,32,P09,D1,0,0
MS,RF,0,0,33,P09,D2,0,0
MS,RF,0,0,34,P09,D3,0,0
MS,RF,0,0,35,P09,D4,0,0
MS,RF,0,0,40,P11,D1,0,0
MS,RF,0,0,41,P11,D2,0,1
MS,RF,0,0,42,P11,D3,0,0
MS,RF,0,0,43,P11,D4,0,0
MS,RF,0,0,48,P13,D1,0,0
MS,RF,0,0,49,P13,D2,1,0
MS,RF,0,0,50,P13,D3,1,1
MS,RF,0,0,51,P13,D4,1,2
MS,RF,0,0,64,P17,D1,2,2
MS,RF,0,0,65,P17,D2,3,3
MS,RF,0,0,66,P17,D3,4,4
MS,RF,0,0,67,P17,D4,4,5
MS,RF,0,0,76,P20,D1,2,1
MS,RF,0,0,77,P20,D2,3,4
MS,RF,0,0,78,P20,D3,4,3
MS,RF,0,0,79,P20,D4,5,4
MS,RF,0,0,100,P26,D1,3,3
MS,RF,0,0,101,P26,D2,4,3
MS,RF,0,0,102,P26,D3,5,4
MS,RF,0,0,103,P26,D4,5,5
MS,RF,0,0,136,P35,D1,1,1
MS,RF,0,0,137,P35,D2,2,2
MS,RF,0,0,138,P35,D3,3,3
MS,RF,0,0,139,P35,D4,3,3
MS,RF,0,0,140,P36,D1,0,0
MS,RF,0,0,141,P36,D2,1,1
MS,RF,0,0,142,P36,D3,1,1
MS,RF,0,0,143,P36,D4,2,2
MS,RF,0,0,156,P40,D1,2,1
MS,RF,0,0,157,P40,D2,3,3
MS,RF,0,0,158,P40,D3,4,3
MS,RF,0,0,159,P40,D4,5,4
MS,RF,0,0,160,P41,D1,2,2
MS,RF,0,0,161,P41,D2,3,3
MS,RF,0,0,162,P41,D3,4,5
MS,RF,0,0,163,P41,D4,4,4
MS,RF,0,0,164,P42,D1,2,2
MS,RF,0,0,165,P42,D2,3,3
MS,RF,0,0,166,P42,D3,4,5
MS,RF,0,0,167,P42,D4,5,4
MS,SVM,0,0,20,P06,D1,0,0
MS,SVM,0,0,21,P06,D2,0,0
MS,SVM,0,0,22,P06,D3,0,0
MS,SVM,0,0,23,P06,D4,0,0
MS,SVM,0,0,32,P09,D1,0,0
MS,SVM,0,0,33,P09,D2,0,0
MS,SVM,0,0,34,P09,D3,0,0
MS,SVM,0,0,35,P09,D4,0,0
MS,SVM,0,0,40,P11,D1,0,0
MS,SVM,0,0,41,P11,D2,0,0
MS,SVM,0,0,42,P11,D3,0,0
MS,SVM,0,0,43,P11,D4,0,0
MS,SVM,0,0,48,P13,D1,0,0
MS,SVM,0,0,49,P13,D2,1,0
MS,SVM,0,0,50,P13,D3,1,1
MS,SVM,0,0,51,P13,D4,1,2
MS,SVM,0,0,64,P17,D1,2,2
MS,SVM,0,0,65,P17,D2,3,3
MS,SVM,0,0,66,P17,D3,4,3
MS,SVM,0,0,67,P17,D4,4,4
MS,SVM,0,0,76,P20,D1,2,1
MS,SVM,0,0,77,P20,D2,3,4
MS,SVM,0,0,78,P20,D3,4,4
MS,SVM,0,0,79,P20,D4,5,4
MS,SVM,0,0,100,P26,D1,3,3
MS,SVM,0,0,101,P26,D2,4,3
MS,SVM,0,0,102,P26,D3,5,4
MS,SVM,0,0,103,P26,D4,5,5
MS,SVM,0,0,136,P35,D1,1,1
MS,SVM,0,0,137,P35,D2,2,1
MS,SVM,0,0,138,P35,D3,3,3
MS,SVM,0,0,139,P35,D4,3,3
MS,SVM,0,0,140,P36,D1,0,0
MS,SVM,0,0,141,P36,D2,1,1
MS,SVM,0,0,142,P36,D3,1,1
MS,SVM,0,0,143,P36,D4,2,2
MS,SVM,0,0,156,P40,D1,2,1
MS,SVM,0,0,157,P40,D2,3,3
MS,SVM,0,0,158,P40,D3,4,3
MS,SVM,0,0,159,P40,D4,5,4
MS,SVM,0,0,160,P41,D1,2,2
MS,SVM,0,0,161,P41,D2,3,3
MS,SVM,0,0,162,P41,D3,4,5
MS,SVM,0,0,163,P41,D4,4,4
MS,SVM,0,0,164,P42,D1,2,2
MS,SVM,0,0,165,P42,D2,3,4
MS,SVM,0,0,166,P42,D3,4,4
MS,SVM,0,0,167,P42,D4,5,4
MS,KNN,0,0,20,P06,D1,0,0
MS,KNN,0,0,21,P06,D2,0,0
MS,KNN,0,0,22,P06,D3,0,0
MS,KNN,0,0,23,P06,D4,0,0
MS,KNN,0,0,32,P09,D1,0,0
MS,KNN,0,0,33,P09,D2,0,0
MS,KNN,0,0,34,P09,D3,0,0
MS,KNN,0,0,35,P09,D4,0,0
MS,KNN,0,0,40,P11,D1,0,0
MS,KNN,0,0,41,P11,D2,0,0
MS,KNN,0,0,42,P11,D3,0,0
MS,KNN,0,0,43,P11,D4,0,0
MS,KNN,0,0,48,P13,D1,0,0
MS,KNN,0,0,49,P13,D2,1,0
MS,KNN,0,0,50,P13,D3,1,0
MS,KNN,0,0,51,P13,D4,1,2
MS,KNN,0,0,64,P17,D1,2,2
MS,KNN,0,0,65,P17,D2,3,3
MS,KNN,0,0,66,P17,D3,4,3
MS,KNN,0,0,67,P17,D4,4,4
MS,KNN,0,0,76,P20,D1,2,1
MS,KNN,0,0,77,P20,D2,3,4
MS,KNN,0,0,78,P20,D3,4,3
MS,KNN,0,0,79,P20,D4,5,4
MS,KNN,0,0,100,P26,D1,3,3
MS,KNN,0,0,101,P26,D2,4,3
MS,KNN,0,0,102,P26,D3,5,4
MS,KNN,0,0,103,P26,D4,5,5
MS,KNN,0,0,136,P35,D1,1,1
MS,KNN,0,0,137,P35,D2,2,2
MS,KNN,0,0,138,P35,D3,3,3
MS,KNN,0,0,139,P35,D4,3,3
MS,KNN,0,0,140,P36,D1,0,0
MS,KNN,0,0,141,P36,D2,1,2
MS,KNN,0,0,142,P36,D3,1,1
MS,KNN,0,0,143,P36,D4,2,2
MS,KNN,0,0,156,P40,D1,2,1
MS,KNN,0,0,157,P40,D2,3,3
MS,KNN,0,0,158,P40,D3,4,3
MS,KNN,0,0,159,P40,D4,5,4
MS,KNN,0,0,160,P41,D1,2,2
MS,KNN,0,0,161,P41,D2,3,3
MS,KNN,0,0,162,P41,D3,4,4
MS,KNN,0,0,163,P41,D4,4,4
MS,KNN,0,0,164,P42,D1,2,3
MS,KNN,0,0,165,P42,D2,3,3
MS,KNN,0,0,166,P42,D3,4,4
MS,KNN,0,0,167,P42,D4,5,4
HS,RF,0,0,20,P06,D1,0,0
HS,RF,0,0,21,P06,D2,0,0
HS,RF,0,0,22,P06,D3,0,0
HS,RF,0,0,23,P06,D4,0,0
HS,RF,0,0,32,P09,D1,0,0
HS,RF,0,0,33,P09,D2,0,0
HS,RF,0,0,34,P09,D3,0,0
HS,RF,0,0,35,P09,D4,0,0
HS,RF,0,0,40,P11,D1,0,0
HS,RF,0,0,41,P11,D2,0,0
HS,RF,0,0,42,P11,D3,0,0
HS,RF,0,0,43,P11,D4,0,0
HS,RF,0,0,48,P13,D1,0,1
HS,RF,0,0,49,P13,D2,1,1
HS,RF,0,0,50,P13,D3,1,1
HS,RF,0,0,51,P13,D4,1,2
HS,RF,0,0,64,P17,D1,2,3
HS,RF,0,0,65,P17,D2,3,4
HS,RF,0,0,66,P17,D3,4,4
HS,RF,0,0,67,P17,D4,4,5
HS,RF,0,0,76,P20,D1,2,2
HS,RF,0,0,77,P20,D2,3,3
HS,RF,0,0,78,P20,D3,4,4
HS,RF,0,0,79,P20,D4,5,5
HS,RF,0,0,100,P26,D1,3,3
HS,RF,0,0,101,P26,D2,4,3
HS,RF,0,0,102,P26,D3,5,5
HS,RF,0,0,103,P26,D4,5,5
HS,RF,0,0,136,P35,D1,1,0
HS,RF,0,0,137,P35,D2,2,1
HS,RF,0,0,138,P35,D3,3,2
HS,RF,0,0,139,P35,D4,3,3
HS,RF,0,0,140,P36,D1,0,0
HS,RF,0,0,141,P36,D2,1,1
HS,RF,0,0,142,P36,D3,1,1
HS,RF,0,0,143,P36,D4,2,3
HS,RF,0,0,156,P40,D1,2,3
HS,RF,0,0,157,P40,D2,3,3
HS,RF,0,0,158,P40,D3,4,5
HS,RF,0,0,159,P40,D4,5,5
HS,RF,0,0,160,P41,D1,2,1
HS,RF,0,0,161,P41,D2,3,2
HS,RF,0,0,162,P41,D3,4,4
HS,RF,0,0,163,P41,D4,4,4
HS,RF,0,0,164,P42,D1,2,2
HS,RF,0,0,165,P42,D2,3,2
HS,RF,0,0,166,P42,D3,4,5
HS,RF,0,0,167,P42,D4,5,4
HS,SVM,0,0,20,P06,D1,0,0
HS,SVM,0,0,21,P06,D2,0,0
HS,SVM,0,0,22,P06,D3,0,0
HS,SVM,0,0,23,P06,D4,0,0
HS,SVM,0,0,32,P09,D1,0,0
HS,SVM,0,0,33,P09,D2,0,0
HS,SVM,0,0,34,P09,D3,0,0
HS,SVM,0,0,35,P09,D4,0,0
HS,SVM,0,0,40,P11,D1,0,0
HS,SVM,0,0,41,P11,D2,0,0
HS,SVM,0,0,42,P11,D3,0,0
HS,SVM,0,0,43,P11,D4,0,0
HS,SVM,0,0,48,P13,D1,0,1
HS,SVM,0,0,49,P13,D2,1,1
HS,SVM,0,0,50,P13,D3,1,1
HS,SVM,0,0,51,P13,D4,1,2
HS,SVM,0,0,64,P17,D1,2,2
HS,SVM,0,0,65,P17,D2,3,3
HS,SVM,0,0,66,P17,D3,4,4
HS,SVM,0,0,67,P17,D4,4,4
HS,SVM,0,0,76,P20,D1,2,1
HS,SVM,0,0,77,P20,D2,3,4
HS,SVM,0,0,78,P20,D3,4,3
HS,SVM,0,0,79,P20,D4,5,4
HS,SVM,0,0,100,P26,D1,3,3
HS,SVM,0,0,101,P26,D2,4,3
HS,SVM,0,0,102,P26,D3,5,4
HS,SVM,0,0,103,P26,D4,5,5
HS,SVM,0,0,136,P35,D1,1,0
HS,SVM,0,0,137,P35,D2,2,1
HS,SVM,0,0,138,P35,D3,3,3
HS,SVM,0,0,139,P35,D4,3,3
HS,SVM,0,0,140,P36,D1,0,0
HS,SVM,0,0,141,P36,D2,1,1
HS,SVM,0,0,142,P36,D3,1,1
HS,SVM,0,0,143,P36,D4,2,2
HS,SVM,0,0,156,P40,D1,2,2
HS,SVM,0,0,157,P40,D2,3,4
HS,SVM,0,0,158,P40,D3,4,4
HS,SVM,0,0,159,P40,D4,5,4
HS,SVM,0,0,160,P41,D1,2,1
HS,SVM,0,0,161,P41,D2,3,2
HS,SVM,0,0,162,P41,D3,4,4
HS,SVM,0,0,163,P41,D4,4,4
HS,SVM,0,0,164,P42,D1,2,2
HS,SVM,0,0,165,P42,D2,3,3
HS,SVM,0,0,166,P42,D3,4,5
HS,SVM,0,0,167,P42,D4,5,4
HS,KNN,0,0,20,P06,D1,0,0
HS,KNN,0,0,21,P06,D2,0,0
HS,KNN,0,0,22,P06,D3,0,0
HS,KNN,0,0,23,P06,D4,0,0
HS,KNN,0,0,32,P09,D1,0,0
HS,KNN,0,0,33,P09,D2,0,0
HS,KNN,0,0,34,P09,D3,0,0
HS,KNN,0,0,35,P09,D4,0,0
HS,KNN,0,0,40,P11,D1,0,0
HS,KNN,0,0,41,P11,D2,0,0
HS,KNN,0,0,42,P11,D3,0,0
HS,KNN,0,0,43,P11,D4,0,0
HS,KNN,0,0,48,P13,D1,0,0
HS,KNN,0,0,49,P13,D2,1,1
HS,KNN,0,0,50,P13,D3,1,2
HS,KNN,0,0,51,P13,D4,1,2
HS,KNN,0,0,64,P17,D1,2,1
HS,KNN,0,0,65,P17,D2,3,4
HS,KNN,0,0,66,P17,D3,4,4
HS,KNN,0,0,67,P17,D4,4,5
HS,KNN,0,0,76,P20,D1,2,1
HS,KNN,0,0,77,P20,D2,3,4
HS,KNN,0,0,78,P20,D3,4,4
HS,KNN,0,0,79,P20,D4,5,5
HS,KNN,0,0,100,P26,D1,3,3
HS,KNN,0,0,101,P26,D2,4,3
HS,KNN,0,0,102,P26,D3,5,5
HS,KNN,0,0,103,P26,D4,5,5
HS,KNN,0,0,136,P35,D1,1,0
HS,KNN,0,0,137,P35,D2,2,1
HS,KNN,0,0,138,P35,D3,3,2
HS,KNN,0,0,139,P35,D4,3,3
HS,KNN,0,0,140,P36,D1,0,0
HS,KNN,0,0,141,P36,D2,1,1
HS,KNN,0,0,142,P36,D3,1,1
HS,KNN,0,0,143,P36,D4,2,3
HS,KNN,0,0,156,P40,D1,2,2
HS,KNN,0,0,157,P40,D2,3,3
HS,KNN,0,0,158,P40,D3,4,5
HS,KNN,0,0,159,P40,D4,5,3
HS,KNN,0,0,160,P41,D1,2,1
HS,KNN,0,0,161,P41,D2,3,3
HS,KNN,0,0,162,P41,D3,4,4
HS,KNN,0,0,163,P41,D4,4,4
HS,KNN,0,0,164,P42,D1,2,3
HS,KNN,0,0,165,P42,D2,3,2
HS,KNN,0,0,166,P42,D3,4,5
HS,KNN,0,0,167,P42,D4,5,4
RGB,RF,0,0,20,P06,D1,0,2
RGB,RF,0,0,21,P06,D2,0,3
RGB,RF,0,0,22,P06,D3,0,2
RGB,RF,0,0,23,P06,D4,0,1
RGB,RF,0,0,32,P09,D1,0,2
RGB,RF,0,0,33,P09,D2,0,0
RGB,RF,0,0,34,P09,D3,0,1
RGB,RF,0,0,35,P09,D4,0,2
RGB,RF,0,0,40,P11,D1,0,2
RGB,RF,0,0,41,P11,D2,0,3
RGB,RF,0,0,42,P11,D3,0,1
RGB,RF,0,0,43,P11,D4,0,2
RGB,RF,0,0,48,P13,D1,0,2
RGB,RF,0,0,49,P13,D2,1,1
RGB,RF,0,0,50,P13,D3,1,0
RGB,RF,0,0,51,P13,D4,1,2
RGB,RF,0,0,64,P17,D1,2,0
RGB,RF,0,0,65,P17,D2,3,3
RGB,RF,0,0,66,P17,D3,4,4
RGB,RF,0,0,67,P17,D4,4,4
RGB,RF,0,0,76,P20,D1,2,2
RGB,RF,0,0,77,P20,D2,3,3
RGB,RF,0,0,78,P20,D3,4,3
RGB,RF,0,0,79,P20,D4,5,5
RGB,RF,0,0,100,P26,D1,3,3
RGB,RF,0,0,101,P26,D2,4,3
RGB,RF,0,0,102,P26,D3,5,5
RGB,RF,0,0,103,P26,D4,5,5
RGB,RF,0,0,136,P35,D1,1,2
RGB,RF,0,0,137,P35,D2,2,2
RGB,RF,0,0,138,P35,D3,3,0
RGB,RF,0,0,139,P35,D4,3,0
RGB,RF,0,0,140,P36,D1,0,1
RGB,RF,0,0,141,P36,D2,1,1
RGB,RF,0,0,142,P36,D3,1,1
RGB,RF,0,0,143,P36,D4,2,1
RGB,RF,0,0,156,P40,D1,2,0
RGB,RF,0,0,157,P40,D2,3,3
RGB,RF,0,0,158,P40,D3,4,4
RGB,RF,0,0,159,P40,D4,5,5
RGB,RF,0,0,160,P41,D1,2,2
RGB,RF,0,0,161,P41,D2,3,0
RGB,RF,0,0,162,P41,D3,4,4
RGB,RF,0,0,163,P41,D4,4,4
RGB,RF,0,0,164,P42,D1,2,1
RGB,RF,0,0,165,P42,D2,3,4
RGB,RF,0,0,166,P42,D3,4,3
RGB,RF,0,0,167,P42,D4,5,3
RGB,SVM,0,0,20,P06,D1,0,0
RGB,SVM,0,0,21,P06,D2,0,2
RGB,SVM,0,0,22,P06,D3,0,2
RGB,SVM,0,0,23,P06,D4,0,2
RGB,SVM,0,0,32,P09,D1,0,2
RGB,SVM,0,0,33,P09,D2,0,1
RGB,SVM,0,0,34,P09,D3,0,2
RGB,SVM,0,0,35,P09,D4,0,2
RGB,SVM,0,0,40,P11,D1,0,0
RGB,SVM,0,0,41,P11,D2,0,3
RGB,SVM,0,0,42,P11,D3,0,2
RGB,SVM,0,0,43,P11,D4,0,0
RGB,SVM,0,0,48,P13,D1,0,3
RGB,SVM,0,0,49,P13,D2,1,2
RGB,SVM,0,0,50,P13,D3,1,2
RGB,SVM,0,0,51,P13,D4,1,2
RGB,SVM,0,0,64,P17,D1,2,2
RGB,SVM,0,0,65,P17,D2,3,4
RGB,SVM,0,0,66,P17,D3,4,4
RGB,SVM,0,0,67,P17,D4,4,4
RGB,SVM,0,0,76,P20,D1,2,2
RGB,SVM,0,0,77,P20,D2,3,3
RGB,SVM,0,0,78,P20,D3,4,4
RGB,SVM,0,0,79,P20,D4,5,5
RGB,SVM,0,0,100,P26,D1,3,2
RGB,SVM,0,0,101,P26,D2,4,4
RGB,SVM,0,0,102,P26,D3,5,5
RGB,SVM,0,0,103,P26,D4,5,5
RGB,SVM,0,0,136,P35,D1,1,0
RGB,SVM,0,0,137,P35,D2,2,2
RGB,SVM,0,0,138,P35,D3,3,2
RGB,SVM,0,0,139,P35,D4,3,2
RGB,SVM,0,0,140,P36,D1,0,1
RGB,SVM,0,0,141,P36,D2,1,1
RGB,SVM,0,0,142,P36,D3,1,1
RGB,SVM,0,0,143,P36,D4,2,1
RGB,SVM,0,0,156,P40,D1,2,2
RGB,SVM,0,0,157,P40,D2,3,3
RGB,SVM,0,0,158,P40,D3,4,4
RGB,SVM,0,0,159,P40,D4,5,5
RGB,SVM,0,0,160,P41,D1,2,2
RGB,SVM,0,0,161,P41,D2,3,3
RGB,SVM,0,0,162,P41,D3,4,5
RGB,SVM,0,0,163,P41,D4,4,4
RGB,SVM,0,0,164,P42,D1,2,2
RGB,SVM,0,0,165,P42,D2,3,4
RGB,SVM,0,0,166,P42,D3,4,4
RGB,SVM,0,0,167,P42,D4,5,4
RGB,KNN,0,0,20,P06,D1,0,0
RGB,KNN,0,0,21,P06,D2,0,2
RGB,KNN,0,0,22,P06,D3,0,1
RGB,KNN,0,0,23,P06,D4,0,2
RGB,KNN,0,0,32,P09,D1,0,0
RGB,KNN,0,0,33,P09,D2,0,2
RGB,KNN,0,0,34,P09,D3,0,0
RGB,KNN,0,0,35,P09,D4,0,0
RGB,KNN,0,0,40,P11,D1,0,3
RGB,KNN,0,0,41,P11,D2,0,0
RGB,KNN,0,0,42,P11,D3,0,0
RGB,KNN,0,0,43,P11,D4,0,0
RGB,KNN,0,0,48,P13,D1,0,0
RGB,KNN,0,0,49,P13,D2,1,0
RGB,KNN,0,0,50,P13,D3,1,0
RGB,KNN,0,0,51,P13,D4,1,2
RGB,KNN,0,0,64,P17,D1,2,0
RGB,KNN,0,0,65,P17,D2,3,4
RGB,KNN,0,0,66,P17,D3,4,4
RGB,KNN,0,0,67,P17,D4,4,4
RGB,KNN,0,0,76,P20,D1,2,1
RGB,KNN,0,0,77,P20,D2,3,3
RGB,KNN,0,0,78,P20,D3,4,4
RGB,KNN,0,0,79,P20,D4,5,5
RGB,KNN,0,0,100,P26,D1,3,0
RGB,KNN,0,0,101,P26,D2,4,3
RGB,KNN,0,0,102,P26,D3,5,5
RGB,KNN,0,0,103,P26,D4,5,5
RGB,KNN,0,0,136,P35,D1,1,0
RGB,KNN,0,0,137,P35,D2,2,0
RGB,KNN,0,0,138,P35,D3,3,2
RGB,KNN,0,0,139,P35,D4,3,3
RGB,KNN,0,0,140,P36,D1,0,1
RGB,KNN,0,0,141,P36,D2,1,0
RGB,KNN,0,0,142,P36,D3,1,2
RGB,KNN,0,0,143,P36,D4,2,1
RGB,KNN,0,0,156,P40,D1,2,0
RGB,KNN,0,0,157,P40,D2,3,3
RGB,KNN,0,0,158,P40,D3,4,4
RGB,KNN,0,0,159,P40,D4,5,5
RGB,KNN,0,0,160,P41,D1,2,1
RGB,KNN,0,0,161,P41,D2,3,3
RGB,KNN,0,0,162,P41,D3,4,4
RGB,KNN,0,0,163,P41,D4,4,4
RGB,KNN,0,0,164,P42,D1,2,0
RGB,KNN,0,0,165,P42,D2,3,3
RGB,KNN,0,0,166,P42,D3,4,4
RGB,KNN,0,0,167,P42,D4,5,4
TIR,RF,0,0,20,P06,D1,0,2
TIR,RF,0,0,21,P06,D2,0,1
TIR,RF,0,0,22,P06,D3,0,0
TIR,RF,0,0,23,P06,D4,0,0
TIR,RF,0,0,32,P09,D1,0,1
TIR,RF,0,0,33,P09,D2,0,0
TIR,RF,0,0,34,P09,D3,0,0
TIR,RF,0,0,35,P09,D4,0,0
TIR,RF,0,0,40,P11,D1,0,1
TIR,RF,0,0,41,P11,D2,0,0
TIR,RF,0,0,42,P11,D3,0,0
TIR,RF,0,0,43,P11,D4,0,3
TIR,RF,0,0,48,P13,D1,0,1
TIR,RF,0,0,49,P13,D2,1,0
TIR,RF,0,0,50,P13,D3,1,2
TIR,RF,0,0,51,P13,D4,1,2
TIR,RF,0,0,64,P17,D1,2,2
TIR,RF,0,0,65,P17,D2,3,2
TIR,RF,0,0,66,P17,D3,4,3
TIR,RF,0,0,67,P17,D4,4,5
TIR,RF,0,0,76,P20,D1,2,2
TIR,RF,0,0,77,P20,D2,3,3
TIR,RF,0,0,78,P20,D3,4,4
TIR,RF,0,0,79,P20,D4,5,5
TIR,RF,0,0,100,P26,D1,3,2
TIR,RF,0,0,101,P26,D2,4,4
TIR,RF,0,0,102,P26,D3,5,4
TIR,RF,0,0,103,P26,D4,5,5
TIR,RF,0,0,136,P35,D1,1,1
TIR,RF,0,0,137,P35,D2,2,3
TIR,RF,0,0,138,P35,D3,3,3
TIR,RF,0,0,139,P35,D4,3,3
TIR,RF,0,0,140,P36,D1,0,1
TIR,RF,0,0,141,P36,D2,1,0
TIR,RF,0,0,142,P36,D3,1,0
TIR,RF,0,0,143,P36,D4,2,3
TIR,RF,0,0,156,P40,D1,2,2
TIR,RF,0,0,157,P40,D2,3,3
TIR,RF,0,0,158,P40,D3,4,4
TIR,RF,0,0,159,P40,D4,5,4
TIR,RF,0,0,160,P41,D1,2,2
TIR,RF,0,0,161,P41,D2,3,3
TIR,RF,0,0,162,P41,D3,4,4
TIR,RF,0,0,163,P41,D4,4,4
TIR,RF,0,0,164,P42,D1,2,2
TIR,RF,0,0,165,P42,D2,3,3
TIR,RF,0,0,166,P42,D3,4,4
TIR,RF,0,0,167,P42,D4,5,4
TIR,SVM,0,0,20,P06,D1,0,1
TIR,SVM,0,0,21,P06,D2,0,1
TIR,SVM,0,0,22,P06,D3,0,0
TIR,SVM,0,0,23,P06,D4,0,0
TIR,SVM,0,0,32,P09,D1,0,1
TIR,SVM,0,0,33,P09,D2,0,1
TIR,SVM,0,0,34,P09,D3,0,0
TIR,SVM,0,0,35,P09,D4,0,0
TIR,SVM,0,0,40,P11,D1,0,1
TIR,SVM,0,0,41,P11,D2,0,0
TIR,SVM,0,0,42,P11,D3,0,0
TIR,SVM,0,0,43,P11,D4,0,0
TIR,SVM,0,0,48,P13,D1,0,1
TIR,SVM,0,0,49,P13,D2,1,1
TIR,SVM,0,0,50,P13,D3,1,3
TIR,SVM,0,0,51,P13,D4,1,0
TIR,SVM,0,0,64,P17,D1,2,2
TIR,SVM,0,0,65,P17,D2,3,2
TIR,SVM,0,0,66,P17,D3,4,3
TIR,SVM,0,0,67,P17,D4,4,5
TIR,SVM,0,0,76,P20,D1,2,2
TIR,SVM,0,0,77,P20,D2,3,3
TIR,SVM,0,0,78,P20,D3,4,4
TIR,SVM,0,0,79,P20,D4,5,5
TIR,SVM,0,0,100,P26,D1,3,3
TIR,SVM,0,0,101,P26,D2,4,3
TIR,SVM,0,0,102,P26,D3,5,5
TIR,SVM,0,0,103,P26,D4,5,5
TIR,SVM,0,0,136,P35,D1,1,1
TIR,SVM,0,0,137,P35,D2,2,2
TIR,SVM,0,0,138,P35,D3,3,3
TIR,SVM,0,0,139,P35,D4,3,3
TIR,SVM,0,0,140,P36,D1,0,1
TIR,SVM,0,0,141,P36,D2,1,1
TIR,SVM,0,0,142,P36,D3,1,0
TIR,SVM,0,0,143,P36,D4,2,3
TIR,SVM,0,0,156,P40,D1,2,2
TIR,SVM,0,0,157,P40,D2,3,3
TIR,SVM,0,0,158,P40,D3,4,4
TIR,SVM,0,0,159,P40,D4,5,5
TIR,SVM,0,0,160,P41,D1,2,2
TIR,SVM,0,0,161,P41,D2,3,2
TIR,SVM,0,0,162,P41,D3,4,4
TIR,SVM,0,0,163,P41,D4,4,4
TIR,SVM,0,0,164,P42,D1,2,2
TIR,SVM,0,0,165,P42,D2,3,3
TIR,SVM,0,0,166,P42,D3,4,4
TIR,SVM,0,0,167,P42,D4,5,4
TIR,KNN,0,0,20,P06,D1,0,0
TIR,KNN,0,0,21,P06,D2,0,0
TIR,KNN,0,0,22,P06,D3,0,0
TIR,KNN,0,0,23,P06,D4,0,0
TIR,KNN,0,0,32,P09,D1,0,1
TIR,KNN,0,0,33,P09,D2,0,0
TIR,KNN,0,0,34,P09,D3,0,0
TIR,KNN,0,0,35,P09,D4,0,0
TIR,KNN,0,0,40,P11,D1,0,1
TIR,KNN,0,0,41,P11,D2,0,0
TIR,KNN,0,0,42,P11,D3,0,0
TIR,KNN,0,0,43,P11,D4,0,0
TIR,KNN,0,0,48,P13,D1,0,1
TIR,KNN,0,0,49,P13,D2,1,0
TIR,KNN,0,0,50,P13,D3,1,2
TIR,KNN,0,0,51,P13,D4,1,0
TIR,KNN,0,0,64,P17,D1,2,2
TIR,KNN,0,0,65,P17,D2,3,2
TIR,KNN,0,0,66,P17,D3,4,3
TIR,KNN,0,0,67,P17,D4,4,4
TIR,KNN,0,0,76,P20,D1,2,2
TIR,KNN,0,0,77,P20,D2,3,3
TIR,KNN,0,0,78,P20,D3,4,4
TIR,KNN,0,0,79,P20,D4,5,5
TIR,KNN,0,0,100,P26,D1,3,3
TIR,KNN,0,0,101,P26,D2,4,4
TIR,KNN,0,0,102,P26,D3,5,5
TIR,KNN,0,0,103,P26,D4,5,5
TIR,KNN,0,0,136,P35,D1,1,1
TIR,KNN,0,0,137,P35,D2,2,3
TIR,KNN,0,0,138,P35,D3,3,3
TIR,KNN,0,0,139,P35,D4,3,3
TIR,KNN,0,0,140,P36,D1,0,1
TIR,KNN,0,0,141,P36,D2,1,0
TIR,KNN,0,0,142,P36,D3,1,0
TIR,KNN,0,0,143,P36,D4,2,3
TIR,KNN,0,0,156,P40,D1,2,2
TIR,KNN,0,0,157,P40,D2,3,3
TIR,KNN,0,0,158,P40,D3,4,4
TIR,KNN,0,0,159,P40,D4,5,4
TIR,KNN,0,0,160,P41,D1,2,2
TIR,KNN,0,0,161,P41,D2,3,3
TIR,KNN,0,0,162,P41,D3,4,4
TIR,KNN,0,0,163,P41,D4,4,4
TIR,KNN,0,0,164,P42,D1,2,2
TIR,KNN,0,0,165,P42,D2,3,3
TIR,KNN,0,0,166,P42,D3,4,3
TIR,KNN,0,0,167,P42,D4,5,4
MS+TIR,RF,0,0,20,P06,D1,0,0
MS+TIR,RF,0,0,21,P06,D2,0,0
MS+TIR,RF,0,0,22,P06,D3,0,0
MS+TIR,RF,0,0,23,P06,D4,0,0
MS+TIR,RF,0,0,32,P09,D1,0,1
MS+TIR,RF,0,0,33,P09,D2,0,0
MS+TIR,RF,0,0,34,P09,D3,0,0
MS+TIR,RF,0,0,35,P09,D4,0,0
MS+TIR,RF,0,0,40,P11,D1,0,1
MS+TIR,RF,0,0,41,P11,D2,0,0
MS+TIR,RF,0,0,42,P11,D3,0,0
MS+TIR,RF,0,0,43,P11,D4,0,0
MS+TIR,RF,0,0,48,P13,D1,0,1
MS+TIR,RF,0,0,49,P13,D2,1,0
MS+TIR,RF,0,0,50,P13,D3,1,0
MS+TIR,RF,0,0,51,P13,D4,1,2
MS+TIR,RF,0,0,64,P17,D1,2,2
MS+TIR,RF,0,0,65,P17,D2,3,3
MS+TIR,RF,0,0,66,P17,D3,4,4
MS+TIR,RF,0,0,67,P17,D4,4,5
MS+TIR,RF,0,0,76,P20,D1,2,2
MS+TIR,RF,0,0,77,P20,D2,3,3
MS+TIR,RF,0,0,78,P20,D3,4,4
MS+TIR,RF,0,0,79,P20,D4,5,5
MS+TIR,RF,0,0,100,P26,D1,3,2
MS+TIR,RF,0,0,101,P26,D2,4,3
MS+TIR,RF,0,0,102,P26,D3,5,4
MS+TIR,RF,0,0,103,P26,D4,5,5
MS+TIR,RF,0,0,136,P35,D1,1,1
MS+TIR,RF,0,0,137,P35,D2,2,2
MS+TIR,RF,0,0,138,P35,D3,3,2
MS+TIR,RF,0,0,139,P35,D4,3,3
MS+TIR,RF,0,0,140,P36,D1,0,0
MS+TIR,RF,0,0,141,P36,D2,1,1
MS+TIR,RF,0,0,142,P36,D3,1,1
MS+TIR,RF,0,0,143,P36,D4,2,2
MS+TIR,RF,0,0,156,P40,D1,2,1
MS+TIR,RF,0,0,157,P40,D2,3,3
MS+TIR,RF,0,0,158,P40,D3,4,4
MS+TIR,RF,0,0,159,P40,D4,5,4
MS+TIR,RF,0,0,160,P41,D1,2,2
MS+TIR,RF,0,0,161,P41,D2,3,3
MS+TIR,RF,0,0,162,P41,D3,4,4
MS+TIR,RF,0,0,163,P41,D4,4,4
MS+TIR,RF,0,0,164,P42,D1,2,2
MS+TIR,RF,0,0,165,P42,D2,3,3
MS+TIR,RF,0,0,166,P42,D3,4,4
MS+TIR,RF,0,0,167,P42,D4,5,4
MS+TIR,SVM,0,0,20,P06,D1,0,0
MS+TIR,SVM,0,0,21,P06,D2,0,0
MS+TIR,SVM,0,0,22,P06,D3,0,0
MS+TIR,SVM,0,0,23,P06,D4,0,0
MS+TIR,SVM,0,0,32,P09,D1,0,0
MS+TIR,SVM,0,0,33,P09,D2,0,0
MS+TIR,SVM,0,0,34,P09,D3,0,0
MS+TIR,SVM,0,0,35,P09,D4,0,0
MS+TIR,SVM,0,0,40,P11,D1,0,0
MS+TIR,SVM,0,0,41,P11,D2,0,0
MS+TIR,SVM,0,0,42,P11,D3,0,0
MS+TIR,SVM,0,0,43,P11,D4,0,0
MS+TIR,SVM,0,0,48,P13,D1,0,0
MS+TIR,SVM,0,0,49,P13,D2,1,0
MS+TIR,SVM,0,0,50,P13,D3,1,1
MS+TIR,SVM,0,0,51,P13,D4,1,2
MS+TIR,SVM,0,0,64,P17,D1,2,2
MS+TIR,SVM,0,0,65,P17,D2,3,3
MS+TIR,SVM,0,0,66,P17,D3,4,3
MS+TIR,SVM,0,0,67,P17,D4,4,4
MS+TIR,SVM,0,0,76,P20,D1,2,1
MS+TIR,SVM,0,0,77,P20,D2,3,4
MS+TIR,SVM,0,0,78,P20,D3,4,4
MS+TIR,SVM,0,0,79,P20,D4,5,4
MS+TIR,SVM,0,0,100,P26,D1,3,3
MS+TIR,SVM,0,0,101,P26,D2,4,3
MS+TIR,SVM,0,0,102,P26,D3,5,4
MS+TIR,SVM,0,0,103,P26,D4,5,5
MS+TIR,SVM,0,0,136,P35,D1,1,1
MS+TIR,SVM,0,0,137,P35,D2,2,1
MS+TIR,SVM,0,0,138,P35,D3,3,3
MS+TIR,SVM,0,0,139,P35,D4,3,3
MS+TIR,SVM,0,0,140,P36,D1,0,0
MS+TIR,SVM,0,0,141,P36,D2,1,1
MS+TIR,SVM,0,0,142,P36,D3,1,1
MS+TIR,SVM,0,0,143,P36,D4,2,2
MS+TIR,SVM,0,0,156,P40,D1,2,1
MS+TIR,SVM,0,0,157,P40,D2,3,3
MS+TIR,SVM,0,0,158,P40,D3,4,3
MS+TIR,SVM,0,0,159,P40,D4,5,4
MS+TIR,SVM,0,0,160,P41,D1,2,2
MS+TIR,SVM,0,0,161,P41,D2,3,3
MS+TIR,SVM,0,0,162,P41,D3,4,5
MS+TIR,SVM,0,0,163,P41,D4,4,4
MS+TIR,SVM,0,0,164,P42,D1,2,2
MS+TIR,SVM,0,0,165,P42,D2,3,4
MS+TIR,SVM,0,0,166,P42,D3,4,4
MS+TIR,SVM,0,0,167,P42,D4,5,4
MS+TIR,KNN,0,0,20,P06,D1,0,0
MS+TIR,KNN,0,0,21,P06,D2,0,0
MS+TIR,KNN,0,0,22,P06,D3,0,0
MS+TIR,KNN,0,0,23,P06,D4,0,0
MS+TIR,KNN,0,0,32,P09,D1,0,0
MS+TIR,KNN,0,0,33,P09,D2,0,0
MS+TIR,KNN,0,0,34,P09,D3,0,0
MS+TIR,KNN,0,0,35,P09,D4,0,0
MS+TIR,KNN,0,0,40,P11,D1,0,0
MS+TIR,KNN,0,0,41,P11,D2,0,0
MS+TIR,KNN,0,0,42,P11,D3,0,0
MS+TIR,KNN,0,0,43,P11,D4,0,0
MS+TIR,KNN,0,0,48,P13,D1,0,0
MS+TIR,KNN,0,0,49,P13,D2,1,0
MS+TIR,KNN,0,0,50,P13,D3,1,0
MS+TIR,KNN,0,0,51,P13,D4,1,3
MS+TIR,KNN,0,0,64,P17,D1,2,2
MS+TIR,KNN,0,0,65,P17,D2,3,3
MS+TIR,KNN,0,0,66,P17,D3,4,4
MS+TIR,KNN,0,0,67,P17,D4,4,5
MS+TIR,KNN,0,0,76,P20,D1,2,1
MS+TIR,KNN,0,0,77,P20,D2,3,3
MS+TIR,KNN,0,0,78,P20,D3,4,4
MS+TIR,KNN,0,0,79,P20,D4,5,5
MS+TIR,KNN,0,0,100,P26,D1,3,2
MS+TIR,KNN,0,0,101,P26,D2,4,3
MS+TIR,KNN,0,0,102,P26,D3,5,4
MS+TIR,KNN,0,0,103,P26,D4,5,5
MS+TIR,KNN,0,0,136,P35,D1,1,1
MS+TIR,KNN,0,0,137,P35,D2,2,2
MS+TIR,KNN,0,0,138,P35,D3,3,3
MS+TIR,KNN,0,0,139,P35,D4,3,3
MS+TIR,KNN,0,0,140,P36,D1,0,0
MS+TIR,KNN,0,0,141,P36,D2,1,1
MS+TIR,KNN,0,0,142,P36,D3,1,0
MS+TIR,KNN,0,0,143,P36,D4,2,3
MS+TIR,KNN,0,0,156,P40,D1,2,1
MS+TIR,KNN,0,0,157,P40,D2,3,3
MS+TIR,KNN,0,0,158,P40,D3,4,4
MS+TIR,KNN,0,0,159,P40,D4,5,4
MS+TIR,KNN,0,0,160,P41,D1,2,2
MS+TIR,KNN,0,0,161,P41,D2,3,3
MS+TIR,KNN,0,0,162,P41,D3,4,4
MS+TIR,KNN,0,0,163,P41,D4,4,4
MS+TIR,KNN,0,0,164,P42,D1,2,2
MS+TIR,KNN,0,0,165,P42,D2,3,3
MS+TIR,KNN,0,0,166,P42,D3,4,4
MS+TIR,KNN,0,0,167,P42,D4,5,4
ALL4,RF,0,0,20,P06,D1,0,0
ALL4,RF,0,0,21,P06,D2,0,0
ALL4,RF,0,0,22,P06,D3,0,0
ALL4,RF,0,0,23,P06,D4,0,0
ALL4,RF,0,0,32,P09,D1,0,1
ALL4,RF,0,0,33,P09,D2,0,0
ALL4,RF,0,0,34,P09,D3,0,0
ALL4,RF,0,0,35,P09,D4,0,0
ALL4,RF,0,0,40,P11,D1,0,0
ALL4,RF,0,0,41,P11,D2,0,0
ALL4,RF,0,0,42,P11,D3,0,0
ALL4,RF,0,0,43,P11,D4,0,0
ALL4,RF,0,0,48,P13,D1,0,1
ALL4,RF,0,0,49,P13,D2,1,1
ALL4,RF,0,0,50,P13,D3,1,2
ALL4,RF,0,0,51,P13,D4,1,3
ALL4,RF,0,0,64,P17,D1,2,2
ALL4,RF,0,0,65,P17,D2,3,3
ALL4,RF,0,0,66,P17,D3,4,4
ALL4,RF,0,0,67,P17,D4,4,5
ALL4,RF,0,0,76,P20,D1,2,2
ALL4,RF,0,0,77,P20,D2,3,4
ALL4,RF,0,0,78,P20,D3,4,4
ALL4,RF,0,0,79,P20,D4,5,5
ALL4,RF,0,0,100,P26,D1,3,3
ALL4,RF,0,0,101,P26,D2,4,3
ALL4,RF,0,0,102,P26,D3,5,4
ALL4,RF,0,0,103,P26,D4,5,5
ALL4,RF,0,0,136,P35,D1,1,1
ALL4,RF,0,0,137,P35,D2,2,1
ALL4,RF,0,0,138,P35,D3,3,2
ALL4,RF,0,0,139,P35,D4,3,3
ALL4,RF,0,0,140,P36,D1,0,0
ALL4,RF,0,0,141,P36,D2,1,1
ALL4,RF,0,0,142,P36,D3,1,1
ALL4,RF,0,0,143,P36,D4,2,3
ALL4,RF,0,0,156,P40,D1,2,2
ALL4,RF,0,0,157,P40,D2,3,3
ALL4,RF,0,0,158,P40,D3,4,5
ALL4,RF,0,0,159,P40,D4,5,4
ALL4,RF,0,0,160,P41,D1,2,2
ALL4,RF,0,0,161,P41,D2,3,3
ALL4,RF,0,0,162,P41,D3,4,4
ALL4,RF,0,0,163,P41,D4,4,4
ALL4,RF,0,0,164,P42,D1,2,2
ALL4,RF,0,0,165,P42,D2,3,2
ALL4,RF,0,0,166,P42,D3,4,4
ALL4,RF,0,0,167,P42,D4,5,4
ALL4,SVM,0,0,20,P06,D1,0,1
ALL4,SVM,0,0,21,P06,D2,0,0
ALL4,SVM,0,0,22,P06,D3,0,0
ALL4,SVM,0,0,23,P06,D4,0,0
ALL4,SVM,0,0,32,P09,D1,0,1
ALL4,SVM,0,0,33,P09,D2,0,0
ALL4,SVM,0,0,34,P09,D3,0,0
ALL4,SVM,0,0,35,P09,D4,0,0
ALL4,SVM,0,0,40,P11,D1,0,0
ALL4,SVM,0,0,41,P11,D2,0,0
ALL4,SVM,0,0,42,P11,D3,0,0
ALL4,SVM,0,0,43,P11,D4,0,0
ALL4,SVM,0,0,48,P13,D1,0,1
ALL4,SVM,0,0,49,P13,D2,1,1
ALL4,SVM,0,0,50,P13,D3,1,2
ALL4,SVM,0,0,51,P13,D4,1,2
ALL4,SVM,0,0,64,P17,D1,2,2
ALL4,SVM,0,0,65,P17,D2,3,3
ALL4,SVM,0,0,66,P17,D3,4,4
ALL4,SVM,0,0,67,P17,D4,4,4
ALL4,SVM,0,0,76,P20,D1,2,2
ALL4,SVM,0,0,77,P20,D2,3,3
ALL4,SVM,0,0,78,P20,D3,4,4
ALL4,SVM,0,0,79,P20,D4,5,5
ALL4,SVM,0,0,100,P26,D1,3,3
ALL4,SVM,0,0,101,P26,D2,4,4
ALL4,SVM,0,0,102,P26,D3,5,4
ALL4,SVM,0,0,103,P26,D4,5,5
ALL4,SVM,0,0,136,P35,D1,1,0
ALL4,SVM,0,0,137,P35,D2,2,0
ALL4,SVM,0,0,138,P35,D3,3,2
ALL4,SVM,0,0,139,P35,D4,3,3
ALL4,SVM,0,0,140,P36,D1,0,1
ALL4,SVM,0,0,141,P36,D2,1,1
ALL4,SVM,0,0,142,P36,D3,1,0
ALL4,SVM,0,0,143,P36,D4,2,2
ALL4,SVM,0,0,156,P40,D1,2,2
ALL4,SVM,0,0,157,P40,D2,3,3
ALL4,SVM,0,0,158,P40,D3,4,4
ALL4,SVM,0,0,159,P40,D4,5,5
ALL4,SVM,0,0,160,P41,D1,2,2
ALL4,SVM,0,0,161,P41,D2,3,2
ALL4,SVM,0,0,162,P41,D3,4,4
ALL4,SVM,0,0,163,P41,D4,4,4
ALL4,SVM,0,0,164,P42,D1,2,2
ALL4,SVM,0,0,165,P42,D2,3,3
ALL4,SVM,0,0,166,P42,D3,4,4
ALL4,SVM,0,0,167,P42,D4,5,4
ALL4,KNN,0,0,20,P06,D1,0,0
ALL4,KNN,0,0,21,P06,D2,0,0
ALL4,KNN,0,0,22,P06,D3,0,0
ALL4,KNN,0,0,23,P06,D4,0,0
ALL4,KNN,0,0,32,P09,D1,0,1
ALL4,KNN,0,0,33,P09,D2,0,0
ALL4,KNN,0,0,34,P09,D3,0,0
ALL4,KNN,0,0,35,P09,D4,0,0
ALL4,KNN,0,0,40,P11,D1,0,0
ALL4,KNN,0,0,41,P11,D2,0,0
ALL4,KNN,0,0,42,P11,D3,0,0
ALL4,KNN,0,0,43,P11,D4,0,0
ALL4,KNN,0,0,48,P13,D1,0,1
ALL4,KNN,0,0,49,P13,D2,1,0
ALL4,KNN,0,0,50,P13,D3,1,2
ALL4,KNN,0,0,51,P13,D4,1,3
ALL4,KNN,0,0,64,P17,D1,2,2
ALL4,KNN,0,0,65,P17,D2,3,3
ALL4,KNN,0,0,66,P17,D3,4,3
ALL4,KNN,0,0,67,P17,D4,4,5
ALL4,KNN,0,0,76,P20,D1,2,2
ALL4,KNN,0,0,77,P20,D2,3,3
ALL4,KNN,0,0,78,P20,D3,4,4
ALL4,KNN,0,0,79,P20,D4,5,5
ALL4,KNN,0,0,100,P26,D1,3,3
ALL4,KNN,0,0,101,P26,D2,4,3
ALL4,KNN,0,0,102,P26,D3,5,4
ALL4,KNN,0,0,103,P26,D4,5,5
ALL4,KNN,0,0,136,P35,D1,1,1
ALL4,KNN,0,0,137,P35,D2,2,0
ALL4,KNN,0,0,138,P35,D3,3,0
ALL4,KNN,0,0,139,P35,D4,3,3
ALL4,KNN,0,0,140,P36,D1,0,0
ALL4,KNN,0,0,141,P36,D2,1,1
ALL4,KNN,0,0,142,P36,D3,1,0
ALL4,KNN,0,0,143,P36,D4,2,3
ALL4,KNN,0,0,156,P40,D1,2,2
ALL4,KNN,0,0,157,P40,D2,3,3
ALL4,KNN,0,0,158,P40,D3,4,5
ALL4,KNN,0,0,159,P40,D4,5,5
ALL4,KNN,0,0,160,P41,D1,2,2
ALL4,KNN,0,0,161,P41,D2,3,3
ALL4,KNN,0,0,162,P41,D3,4,4
ALL4,KNN,0,0,163,P41,D4,4,4
ALL4,KNN,0,0,164,P42,D1,2,3
ALL4,KNN,0,0,165,P42,D2,3,3
ALL4,KNN,0,0,166,P42,D3,4,4
ALL4,KNN,0,0,167,P42,D4,5,4
MS,RF,0,1,24,P07,D1,0,1
MS,RF,0,1,25,P07,D2,0,0
MS,RF,0,1,26,P07,D3,0,1
MS,RF,0,1,27,P07,D4,0,0
MS,RF,0,1,36,P10,D1,0,0
MS,RF,0,1,37,P10,D2,0,0
MS,RF,0,1,38,P10,D3,0,0
MS,RF,0,1,39,P10,D4,0,0
MS,RF,0,1,44,P12,D1,0,0
MS,RF,0,1,45,P12,D2,0,0
MS,RF,0,1,46,P12,D3,0,0
MS,RF,0,1,47,P12,D4,0,0
MS,RF,0,1,52,P14,D1,2,2
MS,RF,0,1,53,P14,D2,3,3
MS,RF,0,1,54,P14,D3,4,4
MS,RF,0,1,55,P14,D4,5,4
MS,RF,0,1,60,P16,D1,1,0
MS,RF,0,1,61,P16,D2,1,2
MS,RF,0,1,62,P16,D3,2,4
MS,RF,0,1,63,P16,D4,3,3
MS,RF,0,1,68,P18,D1,2,3
MS,RF,0,1,69,P18,D2,3,4
MS,RF,0,1,70,P18,D3,4,5
MS,RF,0,1,71,P18,D4,5,4
MS,RF,0,1,92,P24,D1,1,2
MS,RF,0,1,93,P24,D2,3,3
MS,RF,0,1,94,P24,D3,3,5
MS,RF,0,1,95,P24,D4,4,5
MS,RF,0,1,144,P37,D1,1,1
MS,RF,0,1,145,P37,D2,3,3
MS,RF,0,1,146,P37,D3,3,3
MS,RF,0,1,147,P37,D4,4,5
MS,RF,0,1,172,P44,D1,3,4
MS,RF,0,1,173,P44,D2,4,3
MS,RF,0,1,174,P44,D3,5,5
MS,RF,0,1,175,P44,D4,5,5
MS,RF,0,1,176,P45,D1,1,0
MS,RF,0,1,177,P45,D2,1,1
MS,RF,0,1,178,P45,D3,2,2
MS,RF,0,1,179,P45,D4,2,2
MS,RF,0,1,180,P46,D1,2,3
MS,RF,0,1,181,P46,D2,4,4
MS,RF,0,1,182,P46,D3,4,5
MS,RF,0,1,183,P46,D4,5,5
MS,RF,0,1,188,P48,D1,1,1
MS,RF,0,1,189,P48,D2,2,2
MS,RF,0,1,190,P48,D3,3,3
MS,RF,0,1,191,P48,D4,4,4
MS,SVM,0,1,24,P07,D1,0,0
MS,SVM,0,1,25,P07,D2,0,1
MS,SVM,0,1,26,P07,D3,0,0
MS,SVM,0,1,27,P07,D4,0,0
MS,SVM,0,1,36,P10,D1,0,0
MS,SVM,0,1,37,P10,D2,0,0
MS,SVM,0,1,38,P10,D3,0,0
MS,SVM,0,1,39,P10,D4,0,0
MS,SVM,0,1,44,P12,D1,0,0
MS,SVM,0,1,45,P12,D2,0,0
MS,SVM,0,1,46,P12,D3,0,0
MS,SVM,0,1,47,P12,D4,0,0
MS,SVM,0,1,52,P14,D1,2,2
MS,SVM,0,1,53,P14,D2,3,3
MS,SVM,0,1,54,P14,D3,4,4
MS,SVM,0,1,55,P14,D4,5,4
MS,SVM,0,1,60,P16,D1,1,1
MS,SVM,0,1,61,P16,D2,1,2
MS,SVM,0,1,62,P16,D3,2,2
MS,SVM,0,1,63,P16,D4,3,3
MS,SVM,0,1,68,P18,D1,2,3
MS,SVM,0,1,69,P18,D2,3,4
MS,SVM,0,1,70,P18,D3,4,5
MS,SVM,0,1,71,P18,D4,5,5
MS,SVM,0,1,92,P24,D1,1,2
MS,SVM,0,1,93,P24,D2,3,3
MS,SVM,0,1,94,P24,D3,3,5
MS,SVM,0,1,95,P24,D4,4,5
MS,SVM,0,1,144,P37,D1,1,2
MS,SVM,0,1,145,P37,D2,3,3
MS,SVM,0,1,146,P37,D3,3,3
MS,SVM,0,1,147,P37,D4,4,5
MS,SVM,0,1,172,P44,D1,3,2
MS,SVM,0,1,173,P44,D2,4,4
MS,SVM,0,1,174,P44,D3,5,4
MS,SVM,0,1,175,P44,D4,5,5
MS,SVM,0,1,176,P45,D1,1,0
MS,SVM,0,1,177,P45,D2,1,1
MS,SVM,0,1,178,P45,D3,2,2
MS,SVM,0,1,179,P45,D4,2,2
MS,SVM,0,1,180,P46,D1,2,3
MS,SVM,0,1,181,P46,D2,4,5
MS,SVM,0,1,182,P46,D3,4,5
MS,SVM,0,1,183,P46,D4,5,5
MS,SVM,0,1,188,P48,D1,1,1
MS,SVM,0,1,189,P48,D2,2,2
MS,SVM,0,1,190,P48,D3,3,3
MS,SVM,0,1,191,P48,D4,4,5
MS,KNN,0,1,24,P07,D1,0,0
MS,KNN,0,1,25,P07,D2,0,0
MS,KNN,0,1,26,P07,D3,0,0
MS,KNN,0,1,27,P07,D4,0,0
MS,KNN,0,1,36,P10,D1,0,0
MS,KNN,0,1,37,P10,D2,0,0
MS,KNN,0,1,38,P10,D3,0,0
MS,KNN,0,1,39,P10,D4,0,0
MS,KNN,0,1,44,P12,D1,0,0
MS,KNN,0,1,45,P12,D2,0,0
MS,KNN,0,1,46,P12,D3,0,0
MS,KNN,0,1,47,P12,D4,0,0
MS,KNN,0,1,52,P14,D1,2,2
MS,KNN,0,1,53,P14,D2,3,3
MS,KNN,0,1,54,P14,D3,4,3
MS,KNN,0,1,55,P14,D4,5,3
MS,KNN,0,1,60,P16,D1,1,0
MS,KNN,0,1,61,P16,D2,1,2
MS,KNN,0,1,62,P16,D3,2,3
MS,KNN,0,1,63,P16,D4,3,3
MS,KNN,0,1,68,P18,D1,2,3
MS,KNN,0,1,69,P18,D2,3,3
MS,KNN,0,1,70,P18,D3,4,4
MS,KNN,0,1,71,P18,D4,5,5
MS,KNN,0,1,92,P24,D1,1,2
MS,KNN,0,1,93,P24,D2,3,4
MS,KNN,0,1,94,P24,D3,3,4
MS,KNN,0,1,95,P24,D4,4,5
MS,KNN,0,1,144,P37,D1,1,1
MS,KNN,0,1,145,P37,D2,3,3
MS,KNN,0,1,146,P37,D3,3,3
MS,KNN,0,1,147,P37,D4,4,5
MS,KNN,0,1,172,P44,D1,3,3
MS,KNN,0,1,173,P44,D2,4,3
MS,KNN,0,1,174,P44,D3,5,3
MS,KNN,0,1,175,P44,D4,5,4
MS,KNN,0,1,176,P45,D1,1,0
MS,KNN,0,1,177,P45,D2,1,1
MS,KNN,0,1,178,P45,D3,2,2
MS,KNN,0,1,179,P45,D4,2,2
MS,KNN,0,1,180,P46,D1,2,3
MS,KNN,0,1,181,P46,D2,4,4
MS,KNN,0,1,182,P46,D3,4,5
MS,KNN,0,1,183,P46,D4,5,4
MS,KNN,0,1,188,P48,D1,1,1
MS,KNN,0,1,189,P48,D2,2,2
MS,KNN,0,1,190,P48,D3,3,4
MS,KNN,0,1,191,P48,D4,4,4
HS,RF,0,1,24,P07,D1,0,0
HS,RF,0,1,25,P07,D2,0,0
HS,RF,0,1,26,P07,D3,0,0
HS,RF,0,1,27,P07,D4,0,0
HS,RF,0,1,36,P10,D1,0,0
HS,RF,0,1,37,P10,D2,0,0
HS,RF,0,1,38,P10,D3,0,0
HS,RF,0,1,39,P10,D4,0,0
HS,RF,0,1,44,P12,D1,0,0
HS,RF,0,1,45,P12,D2,0,0
HS,RF,0,1,46,P12,D3,0,0
HS,RF,0,1,47,P12,D4,0,0
HS,RF,0,1,52,P14,D1,2,3
HS,RF,0,1,53,P14,D2,3,5
HS,RF,0,1,54,P14,D3,4,5
HS,RF,0,1,55,P14,D4,5,5
HS,RF,0,1,60,P16,D1,1,0
HS,RF,0,1,61,P16,D2,1,2
HS,RF,0,1,62,P16,D3,2,2
HS,RF,0,1,63,P16,D4,3,3
HS,RF,0,1,68,P18,D1,2,3
HS,RF,0,1,69,P18,D2,3,4
HS,RF,0,1,70,P18,D3,4,4
HS,RF,0,1,71,P18,D4,5,5
HS,RF,0,1,92,P24,D1,1,2
HS,RF,0,1,93,P24,D2,3,3
HS,RF,0,1,94,P24,D3,3,4
HS,RF,0,1,95,P24,D4,4,4
HS,RF,0,1,144,P37,D1,1,1
HS,RF,0,1,145,P37,D2,3,3
HS,RF,0,1,146,P37,D3,3,3
HS,RF,0,1,147,P37,D4,4,4
HS,RF,0,1,172,P44,D1,3,2
HS,RF,0,1,173,P44,D2,4,4
HS,RF,0,1,174,P44,D3,5,5
HS,RF,0,1,175,P44,D4,5,5
HS,RF,0,1,176,P45,D1,1,1
HS,RF,0,1,177,P45,D2,1,1
HS,RF,0,1,178,P45,D3,2,2
HS,RF,0,1,179,P45,D4,2,2
HS,RF,0,1,180,P46,D1,2,2
HS,RF,0,1,181,P46,D2,4,4
HS,RF,0,1,182,P46,D3,4,5
HS,RF,0,1,183,P46,D4,5,5
HS,RF,0,1,188,P48,D1,1,1
HS,RF,0,1,189,P48,D2,2,2
HS,RF,0,1,190,P48,D3,3,3
HS,RF,0,1,191,P48,D4,4,4
HS,SVM,0,1,24,P07,D1,0,0
HS,SVM,0,1,25,P07,D2,0,0
HS,SVM,0,1,26,P07,D3,0,0
HS,SVM,0,1,27,P07,D4,0,0
HS,SVM,0,1,36,P10,D1,0,0
HS,SVM,0,1,37,P10,D2,0,0
HS,SVM,0,1,38,P10,D3,0,1
HS,SVM,0,1,39,P10,D4,0,0
HS,SVM,0,1,44,P12,D1,0,0
HS,SVM,0,1,45,P12,D2,0,0
HS,SVM,0,1,46,P12,D3,0,0
HS,SVM,0,1,47,P12,D4,0,0
HS,SVM,0,1,52,P14,D1,2,3
HS,SVM,0,1,53,P14,D2,3,5
HS,SVM,0,1,54,P14,D3,4,5
HS,SVM,0,1,55,P14,D4,5,5
HS,SVM,0,1,60,P16,D1,1,1
HS,SVM,0,1,61,P16,D2,1,2
HS,SVM,0,1,62,P16,D3,2,2
HS,SVM,0,1,63,P16,D4,3,2
HS,SVM,0,1,68,P18,D1,2,2
HS,SVM,0,1,69,P18,D2,3,4
HS,SVM,0,1,70,P18,D3,4,4
HS,SVM,0,1,71,P18,D4,5,5
HS,SVM,0,1,92,P24,D1,1,2
HS,SVM,0,1,93,P24,D2,3,3
HS,SVM,0,1,94,P24,D3,3,5
HS,SVM,0,1,95,P24,D4,4,4
HS,SVM,0,1,144,P37,D1,1,2
HS,SVM,0,1,145,P37,D2,3,3
HS,SVM,0,1,146,P37,D3,3,3
HS,SVM,0,1,147,P37,D4,4,5
HS,SVM,0,1,172,P44,D1,3,2
HS,SVM,0,1,173,P44,D2,4,4
HS,SVM,0,1,174,P44,D3,5,4
HS,SVM,0,1,175,P44,D4,5,5
HS,SVM,0,1,176,P45,D1,1,1
HS,SVM,0,1,177,P45,D2,1,2
HS,SVM,0,1,178,P45,D3,2,2
HS,SVM,0,1,179,P45,D4,2,2
HS,SVM,0,1,180,P46,D1,2,3
HS,SVM,0,1,181,P46,D2,4,5
HS,SVM,0,1,182,P46,D3,4,5
HS,SVM,0,1,183,P46,D4,5,5
HS,SVM,0,1,188,P48,D1,1,1
HS,SVM,0,1,189,P48,D2,2,2
HS,SVM,0,1,190,P48,D3,3,3
HS,SVM,0,1,191,P48,D4,4,5
HS,KNN,0,1,24,P07,D1,0,0
HS,KNN,0,1,25,P07,D2,0,0
HS,KNN,0,1,26,P07,D3,0,0
HS,KNN,0,1,27,P07,D4,0,0
HS,KNN,0,1,36,P10,D1,0,0
HS,KNN,0,1,37,P10,D2,0,0
HS,KNN,0,1,38,P10,D3,0,0
HS,KNN,0,1,39,P10,D4,0,0
HS,KNN,0,1,44,P12,D1,0,0
HS,KNN,0,1,45,P12,D2,0,0
HS,KNN,0,1,46,P12,D3,0,0
HS,KNN,0,1,47,P12,D4,0,0
HS,KNN,0,1,52,P14,D1,2,3
HS,KNN,0,1,53,P14,D2,3,5
HS,KNN,0,1,54,P14,D3,4,5
HS,KNN,0,1,55,P14,D4,5,5
HS,KNN,0,1,60,P16,D1,1,0
HS,KNN,0,1,61,P16,D2,1,2
HS,KNN,0,1,62,P16,D3,2,2
HS,KNN,0,1,63,P16,D4,3,3
HS,KNN,0,1,68,P18,D1,2,3
HS,KNN,0,1,69,P18,D2,3,4
HS,KNN,0,1,70,P18,D3,4,4
HS,KNN,0,1,71,P18,D4,5,5
HS,KNN,0,1,92,P24,D1,1,2
HS,KNN,0,1,93,P24,D2,3,3
HS,KNN,0,1,94,P24,D3,3,4
HS,KNN,0,1,95,P24,D4,4,4
HS,KNN,0,1,144,P37,D1,1,2
HS,KNN,0,1,145,P37,D2,3,3
HS,KNN,0,1,146,P37,D3,3,3
HS,KNN,0,1,147,P37,D4,4,4
HS,KNN,0,1,172,P44,D1,3,2
HS,KNN,0,1,173,P44,D2,4,4
HS,KNN,0,1,174,P44,D3,5,5
HS,KNN,0,1,175,P44,D4,5,5
HS,KNN,0,1,176,P45,D1,1,1
HS,KNN,0,1,177,P45,D2,1,2
HS,KNN,0,1,178,P45,D3,2,2
HS,KNN,0,1,179,P45,D4,2,2
HS,KNN,0,1,180,P46,D1,2,3
HS,KNN,0,1,181,P46,D2,4,4
HS,KNN,0,1,182,P46,D3,4,5
HS,KNN,0,1,183,P46,D4,5,5
HS,KNN,0,1,188,P48,D1,1,1
HS,KNN,0,1,189,P48,D2,2,2
HS,KNN,0,1,190,P48,D3,3,3
HS,KNN,0,1,191,P48,D4,4,4
RGB,RF,0,1,24,P07,D1,0,3
RGB,RF,0,1,25,P07,D2,0,4
RGB,RF,0,1,26,P07,D3,0,2
RGB,RF,0,1,27,P07,D4,0,0
RGB,RF,0,1,36,P10,D1,0,0
RGB,RF,0,1,37,P10,D2,0,2
RGB,RF,0,1,38,P10,D3,0,2
RGB,RF,0,1,39,P10,D4,0,4
RGB,RF,0,1,44,P12,D1,0,0
RGB,RF,0,1,45,P12,D2,0,4
RGB,RF,0,1,46,P12,D3,0,0
RGB,RF,0,1,47,P12,D4,0,2
RGB,RF,0,1,52,P14,D1,2,2
RGB,RF,0,1,53,P14,D2,3,3
RGB,RF,0,1,54,P14,D3,4,4
RGB,RF,0,1,55,P14,D4,5,5
RGB,RF,0,1,60,P16,D1,1,0
RGB,RF,0,1,61,P16,D2,1,0
RGB,RF,0,1,62,P16,D3,2,4
RGB,RF,0,1,63,P16,D4,3,0
RGB,RF,0,1,68,P18,D1,2,1
RGB,RF,0,1,69,P18,D2,3,3
RGB,RF,0,1,70,P18,D3,4,4
RGB,RF,0,1,71,P18,D4,5,5
RGB,RF,0,1,92,P24,D1,1,0
RGB,RF,0,1,93,P24,D2,3,0
RGB,RF,0,1,94,P24,D3,3,3
RGB,RF,0,1,95,P24,D4,4,3
RGB,RF,0,1,144,P37,D1,1,0
RGB,RF,0,1,145,P37,D2,3,0
RGB,RF,0,1,146,P37,D3,3,4
RGB,RF,0,1,147,P37,D4,4,3
RGB,RF,0,1,172,P44,D1,3,2
RGB,RF,0,1,173,P44,D2,4,3
RGB,RF,0,1,174,P44,D3,5,5
RGB,RF,0,1,175,P44,D4,5,5
RGB,RF,0,1,176,P45,D1,1,0
RGB,RF,0,1,177,P45,D2,1,0
RGB,RF,0,1,178,P45,D3,2,1
RGB,RF,0,1,179,P45,D4,2,1
RGB,RF,0,1,180,P46,D1,2,0
RGB,RF,0,1,181,P46,D2,4,0
RGB,RF,0,1,182,P46,D3,4,4
RGB,RF,0,1,183,P46,D4,5,4
RGB,RF,0,1,188,P48,D1,1,1
RGB,RF,0,1,189,P48,D2,2,0
RGB,RF,0,1,190,P48,D3,3,3
RGB,RF,0,1,191,P48,D4,4,4
RGB,SVM,0,1,24,P07,D1,0,2
RGB,SVM,0,1,25,P07,D2,0,0
RGB,SVM,0,1,26,P07,D3,0,1
RGB,SVM,0,1,27,P07,D4,0,1
RGB,SVM,0,1,36,P10,D1,0,3
RGB,SVM,0,1,37,P10,D2,0,2
RGB,SVM,0,1,38,P10,D3,0,0
RGB,SVM,0,1,39,P10,D4,0,0
RGB,SVM,0,1,44,P12,D1,0,2
RGB,SVM,0,1,45,P12,D2,0,0
RGB,SVM,0,1,46,P12,D3,0,0
RGB,SVM,0,1,47,P12,D4,0,2
RGB,SVM,0,1,52,P14,D1,2,2
RGB,SVM,0,1,53,P14,D2,3,3
RGB,SVM,0,1,54,P14,D3,4,4
RGB,SVM,0,1,55,P14,D4,5,4
RGB,SVM,0,1,60,P16,D1,1,0
RGB,SVM,0,1,61,P16,D2,1,0
RGB,SVM,0,1,62,P16,D3,2,2
RGB,SVM,0,1,63,P16,D4,3,3
RGB,SVM,0,1,68,P18,D1,2,1
RGB,SVM,0,1,69,P18,D2,3,3
RGB,SVM,0,1,70,P18,D3,4,4
RGB,SVM,0,1,71,P18,D4,5,5
RGB,SVM,0,1,92,P24,D1,1,0
RGB,SVM,0,1,93,P24,D2,3,0
RGB,SVM,0,1,94,P24,D3,3,0
RGB,SVM,0,1,95,P24,D4,4,4
RGB,SVM,0,1,144,P37,D1,1,1
RGB,SVM,0,1,145,P37,D2,3,2
RGB,SVM,0,1,146,P37,D3,3,4
RGB,SVM,0,1,147,P37,D4,4,4
RGB,SVM,0,1,172,P44,D1,3,2
RGB,SVM,0,1,173,P44,D2,4,3
RGB,SVM,0,1,174,P44,D3,5,5
RGB,SVM,0,1,175,P44,D4,5,5
RGB,SVM,0,1,176,P45,D1,1,2
RGB,SVM,0,1,177,P45,D2,1,2
RGB,SVM,0,1,178,P45,D3,2,2
RGB,SVM,0,1,179,P45,D4,2,2
RGB,SVM,0,1,180,P46,D1,2,0
RGB,SVM,0,1,181,P46,D2,4,3
RGB,SVM,0,1,182,P46,D3,4,4
RGB,SVM,0,1,183,P46,D4,5,5
RGB,SVM,0,1,188,P48,D1,1,1
RGB,SVM,0,1,189,P48,D2,2,0
RGB,SVM,0,1,190,P48,D3,3,3
RGB,SVM,0,1,191,P48,D4,4,4
RGB,KNN,0,1,24,P07,D1,0,1
RGB,KNN,0,1,25,P07,D2,0,0
RGB,KNN,0,1,26,P07,D3,0,0
RGB,KNN,0,1,27,P07,D4,0,0
RGB,KNN,0,1,36,P10,D1,0,0
RGB,KNN,0,1,37,P10,D2,0,2
RGB,KNN,0,1,38,P10,D3,0,0
RGB,KNN,0,1,39,P10,D4,0,0
RGB,KNN,0,1,44,P12,D1,0,0
RGB,KNN,0,1,45,P12,D2,0,0
RGB,KNN,0,1,46,P12,D3,0,0
RGB,KNN,0,1,47,P12,D4,0,2
RGB,KNN,0,1,52,P14,D1,2,2
RGB,KNN,0,1,53,P14,D2,3,3
RGB,KNN,0,1,54,P14,D3,4,4
RGB,KNN,0,1,55,P14,D4,5,4
RGB,KNN,0,1,60,P16,D1,1,0
RGB,KNN,0,1,61,P16,D2,1,0
RGB,KNN,0,1,62,P16,D3,2,1
RGB,KNN,0,1,63,P16,D4,3,3
RGB,KNN,0,1,68,P18,D1,2,0
RGB,KNN,0,1,69,P18,D2,3,3
RGB,KNN,0,1,70,P18,D3,4,4
RGB,KNN,0,1,71,P18,D4,5,5
RGB,KNN,0,1,92,P24,D1,1,0
RGB,KNN,0,1,93,P24,D2,3,0
RGB,KNN,0,1,94,P24,D3,3,0
RGB,KNN,0,1,95,P24,D4,4,3
RGB,KNN,0,1,144,P37,D1,1,0
RGB,KNN,0,1,145,P37,D2,3,2
RGB,KNN,0,1,146,P37,D3,3,4
RGB,KNN,0,1,147,P37,D4,4,4
RGB,KNN,0,1,172,P44,D1,3,1
RGB,KNN,0,1,173,P44,D2,4,4
RGB,KNN,0,1,174,P44,D3,5,5
RGB,KNN,0,1,175,P44,D4,5,5
RGB,KNN,0,1,176,P45,D1,1,2
RGB,KNN,0,1,177,P45,D2,1,0
RGB,KNN,0,1,178,P45,D3,2,1
RGB,KNN,0,1,179,P45,D4,2,2
RGB,KNN,0,1,180,P46,D1,2,0
RGB,KNN,0,1,181,P46,D2,4,3
RGB,KNN,0,1,182,P46,D3,4,4
RGB,KNN,0,1,183,P46,D4,5,5
RGB,KNN,0,1,188,P48,D1,1,1
RGB,KNN,0,1,189,P48,D2,2,0
RGB,KNN,0,1,190,P48,D3,3,4
RGB,KNN,0,1,191,P48,D4,4,4
TIR,RF,0,1,24,P07,D1,0,1
TIR,RF,0,1,25,P07,D2,0,1
TIR,RF,0,1,26,P07,D3,0,0
TIR,RF,0,1,27,P07,D4,0,0
TIR,RF,0,1,36,P10,D1,0,0
TIR,RF,0,1,37,P10,D2,0,0
TIR,RF,0,1,38,P10,D3,0,0
TIR,RF,0,1,39,P10,D4,0,0
TIR,RF,0,1,44,P12,D1,0,0
TIR,RF,0,1,45,P12,D2,0,0
TIR,RF,0,1,46,P12,D3,0,0
TIR,RF,0,1,47,P12,D4,0,0
TIR,RF,0,1,52,P14,D1,2,2
TIR,RF,0,1,53,P14,D2,3,3
TIR,RF,0,1,54,P14,D3,4,4
TIR,RF,0,1,55,P14,D4,5,5
TIR,RF,0,1,60,P16,D1,1,1
TIR,RF,0,1,61,P16,D2,1,2
TIR,RF,0,1,62,P16,D3,2,1
TIR,RF,0,1,63,P16,D4,3,4
TIR,RF,0,1,68,P18,D1,2,2
TIR,RF,0,1,69,P18,D2,3,3
TIR,RF,0,1,70,P18,D3,4,4
TIR,RF,0,1,71,P18,D4,5,5
TIR,RF,0,1,92,P24,D1,1,0
TIR,RF,0,1,93,P24,D2,3,2
TIR,RF,0,1,94,P24,D3,3,4
TIR,RF,0,1,95,P24,D4,4,4
TIR,RF,0,1,144,P37,D1,1,1
TIR,RF,0,1,145,P37,D2,3,4
TIR,RF,0,1,146,P37,D3,3,4
TIR,RF,0,1,147,P37,D4,4,4
TIR,RF,0,1,172,P44,D1,3,2
TIR,RF,0,1,173,P44,D2,4,4
TIR,RF,0,1,174,P44,D3,5,4
TIR,RF,0,1,175,P44,D4,5,5
TIR,RF,0,1,176,P45,D1,1,1
TIR,RF,0,1,177,P45,D2,1,0
TIR,RF,0,1,178,P45,D3,2,0
TIR,RF,0,1,179,P45,D4,2,1
TIR,RF,0,1,180,P46,D1,2,2
TIR,RF,0,1,181,P46,D2,4,3
TIR,RF,0,1,182,P46,D3,4,4
TIR,RF,0,1,183,P46,D4,5,5
TIR,RF,0,1,188,P48,D1,1,1
TIR,RF,0,1,189,P48,D2,2,3
TIR,RF,0,1,190,P48,D3,3,3
TIR,RF,0,1,191,P48,D4,4,4
TIR,SVM,0,1,24,P07,D1,0,1
TIR,SVM,0,1,25,P07,D2,0,0
TIR,SVM,0,1,26,P07,D3,0,0
TIR,SVM,0,1,27,P07,D4,0,0
TIR,SVM,0,1,36,P10,D1,0,1
TIR,SVM,0,1,37,P10,D2,0,0
TIR,SVM,0,1,38,P10,D3,0,0
TIR,SVM,0,1,39,P10,D4,0,0
TIR,SVM,0,1,44,P12,D1,0,1
TIR,SVM,0,1,45,P12,D2,0,0
TIR,SVM,0,1,46,P12,D3,0,0
TIR,SVM,0,1,47,P12,D4,0,0
TIR,SVM,0,1,52,P14,D1,2,2
TIR,SVM,0,1,53,P14,D2,3,3
TIR,SVM,0,1,54,P14,D3,4,5
TIR,SVM,0,1,55,P14,D4,5,5
TIR,SVM,0,1,60,P16,D1,1,1
TIR,SVM,0,1,61,P16,D2,1,2
TIR,SVM,0,1,62,P16,D3,2,3
TIR,SVM,0,1,63,P16,D4,3,4
TIR,SVM,0,1,68,P18,D1,2,2
TIR,SVM,0,1,69,P18,D2,3,3
TIR,SVM,0,1,70,P18,D3,4,4
TIR,SVM,0,1,71,P18,D4,5,5
TIR,SVM,0,1,92,P24,D1,1,1
TIR,SVM,0,1,93,P24,D2,3,2
TIR,SVM,0,1,94,P24,D3,3,4
TIR,SVM,0,1,95,P24,D4,4,4
TIR,SVM,0,1,144,P37,D1,1,1
TIR,SVM,0,1,145,P37,D2,3,4
TIR,SVM,0,1,146,P37,D3,3,4
TIR,SVM,0,1,147,P37,D4,4,4
TIR,SVM,0,1,172,P44,D1,3,0
TIR,SVM,0,1,173,P44,D2,4,4
TIR,SVM,0,1,174,P44,D3,5,4
TIR,SVM,0,1,175,P44,D4,5,4
TIR,SVM,0,1,176,P45,D1,1,1
TIR,SVM,0,1,177,P45,D2,1,0
TIR,SVM,0,1,178,P45,D3,2,0
TIR,SVM,0,1,179,P45,D4,2,1
TIR,SVM,0,1,180,P46,D1,2,2
TIR,SVM,0,1,181,P46,D2,4,3
TIR,SVM,0,1,182,P46,D3,4,4
TIR,SVM,0,1,183,P46,D4,5,5
TIR,SVM,0,1,188,P48,D1,1,1
TIR,SVM,0,1,189,P48,D2,2,3
TIR,SVM,0,1,190,P48,D3,3,4
TIR,SVM,0,1,191,P48,D4,4,4
TIR,KNN,0,1,24,P07,D1,0,1
TIR,KNN,0,1,25,P07,D2,0,0
TIR,KNN,0,1,26,P07,D3,0,0
TIR,KNN,0,1,27,P07,D4,0,0
TIR,KNN,0,1,36,P10,D1,0,0
TIR,KNN,0,1,37,P10,D2,0,0
TIR,KNN,0,1,38,P10,D3,0,0
TIR,KNN,0,1,39,P10,D4,0,0
TIR,KNN,0,1,44,P12,D1,0,0
TIR,KNN,0,1,45,P12,D2,0,0
TIR,KNN,0,1,46,P12,D3,0,0
TIR,KNN,0,1,47,P12,D4,0,0
TIR,KNN,0,1,52,P14,D1,2,2
TIR,KNN,0,1,53,P14,D2,3,3
TIR,KNN,0,1,54,P14,D3,4,4
TIR,KNN,0,1,55,P14,D4,5,5
TIR,KNN,0,1,60,P16,D1,1,0
TIR,KNN,0,1,61,P16,D2,1,2
TIR,KNN,0,1,62,P16,D3,2,1
TIR,KNN,0,1,63,P16,D4,3,4
TIR,KNN,0,1,68,P18,D1,2,2
TIR,KNN,0,1,69,P18,D2,3,3
TIR,KNN,0,1,70,P18,D3,4,4
TIR,KNN,0,1,71,P18,D4,5,5
TIR,KNN,0,1,92,P24,D1,1,0
TIR,KNN,0,1,93,P24,D2,3,2
TIR,KNN,0,1,94,P24,D3,3,4
TIR,KNN,0,1,95,P24,D4,4,4
TIR,KNN,0,1,144,P37,D1,1,0
TIR,KNN,0,1,145,P37,D2,3,4
TIR,KNN,0,1,146,P37,D3,3,4
TIR,KNN,0,1,147,P37,D4,4,4
TIR,KNN,0,1,172,P44,D1,3,0
TIR,KNN,0,1,173,P44,D2,4,4
TIR,KNN,0,1,174,P44,D3,5,4
TIR,KNN,0,1,175,P44,D4,5,4
TIR,KNN,0,1,176,P45,D1,1,1
TIR,KNN,0,1,177,P45,D2,1,0
TIR,KNN,0,1,178,P45,D3,2,1
TIR,KNN,0,1,179,P45,D4,2,1
TIR,KNN,0,1,180,P46,D1,2,2
TIR,KNN,0,1,181,P46,D2,4,3
TIR,KNN,0,1,182,P46,D3,4,4
TIR,KNN,0,1,183,P46,D4,5,5
TIR,KNN,0,1,188,P48,D1,1,1
TIR,KNN,0,1,189,P48,D2,2,3
TIR,KNN,0,1,190,P48,D3,3,4
TIR,KNN,0,1,191,P48,D4,4,4
MS+TIR,RF,0,1,24,P07,D1,0,1
MS+TIR,RF,0,1,25,P07,D2,0,0
MS+TIR,RF,0,1,26,P07,D3,0,0
MS+TIR,RF,0,1,27,P07,D4,0,0
MS+TIR,RF,0,1,36,P10,D1,0,0
MS+TIR,RF,0,1,37,P10,D2,0,0
MS+TIR,RF,0,1,38,P10,D3,0,0
MS+TIR,RF,0,1,39,P10,D4,0,0
MS+TIR,RF,0,1,44,P12,D1,0,0
MS+TIR,RF,0,1,45,P12,D2,0,0
MS+TIR,RF,0,1,46,P12,D3,0,0
MS+TIR,RF,0,1,47,P12,D4,0,0
MS+TIR,RF,0,1,52,P14,D1,2,2
MS+TIR,RF,0,1,53,P14,D2,3,3
MS+TIR,RF,0,1,54,P14,D3,4,4
MS+TIR,RF,0,1,55,P14,D4,5,5
MS+TIR,RF,0,1,60,P16,D1,1,1
MS+TIR,RF,0,1,61,P16,D2,1,2
MS+TIR,RF,0,1,62,P16,D3,2,3
MS+TIR,RF,0,1,63,P16,D4,3,3
MS+TIR,RF,0,1,68,P18,D1,2,2
MS+TIR,RF,0,1,69,P18,D2,3,3
MS+TIR,RF,0,1,70,P18,D3,4,4
MS+TIR,RF,0,1,71,P18,D4,5,5
MS+TIR,RF,0,1,92,P24,D1,1,2
MS+TIR,RF,0,1,93,P24,D2,3,3
MS+TIR,RF,0,1,94,P24,D3,3,4
MS+TIR,RF,0,1,95,P24,D4,4,5
MS+TIR,RF,0,1,144,P37,D1,1,1
MS+TIR,RF,0,1,145,P37,D2,3,3
MS+TIR,RF,0,1,146,P37,D3,3,3
MS+TIR,RF,0,1,147,P37,D4,4,5
MS+TIR,RF,0,1,172,P44,D1,3,2
MS+TIR,RF,0,1,173,P44,D2,4,3
MS+TIR,RF,0,1,174,P44,D3,5,4
MS+TIR,RF,0,1,175,P44,D4,5,5
MS+TIR,RF,0,1,176,P45,D1,1,0
MS+TIR,RF,0,1,177,P45,D2,1,1
MS+TIR,RF,0,1,178,P45,D3,2,2
MS+TIR,RF,0,1,179,P45,D4,2,3
MS+TIR,RF,0,1,180,P46,D1,2,3
MS+TIR,RF,0,1,181,P46,D2,4,3
MS+TIR,RF,0,1,182,P46,D3,4,4
MS+TIR,RF,0,1,183,P46,D4,5,5
MS+TIR,RF,0,1,188,P48,D1,1,1
MS+TIR,RF,0,1,189,P48,D2,2,3
MS+TIR,RF,0,1,190,P48,D3,3,3
MS+TIR,RF,0,1,191,P48,D4,4,4
MS+TIR,SVM,0,1,24,P07,D1,0,0
MS+TIR,SVM,0,1,25,P07,D2,0,1
MS+TIR,SVM,0,1,26,P07,D3,0,0
MS+TIR,SVM,0,1,27,P07,D4,0,0
MS+TIR,SVM,0,1,36,P10,D1,0,0
MS+TIR,SVM,0,1,37,P10,D2,0,0
MS+TIR,SVM,0,1,38,P10,D3,0,0
MS+TIR,SVM,0,1,39,P10,D4,0,0
MS+TIR,SVM,0,1,44,P12,D1,0,0
MS+TIR,SVM,0,1,45,P12,D2,0,0
MS+TIR,SVM,0,1,46,P12,D3,0,0
MS+TIR,SVM,0,1,47,P12,D4,0,0
MS+TIR,SVM,0,1,52,P14,D1,2,2
MS+TIR,SVM,0,1,53,P14,D2,3,3
MS+TIR,SVM,0,1,54,P14,D3,4,4
MS+TIR,SVM,0,1,55,P14,D4,5,5
MS+TIR,SVM,0,1,60,P16,D1,1,1
MS+TIR,SVM,0,1,61,P16,D2,1,2
MS+TIR,SVM,0,1,62,P16,D3,2,2
MS+TIR,SVM,0,1,63,P16,D4,3,3
MS+TIR,SVM,0,1,68,P18,D1,2,3
MS+TIR,SVM,0,1,69,P18,D2,3,3
MS+TIR,SVM,0,1,70,P18,D3,4,4
MS+TIR,SVM,0,1,71,P18,D4,5,5
MS+TIR,SVM,0,1,92,P24,D1,1,2
MS+TIR,SVM,0,1,93,P24,D2,3,3
MS+TIR,SVM,0,1,94,P24,D3,3,4
MS+TIR,SVM,0,1,95,P24,D4,4,4
MS+TIR,SVM,0,1,144,P37,D1,1,2
MS+TIR,SVM,0,1,145,P37,D2,3,4
MS+TIR,SVM,0,1,146,P37,D3,3,3
MS+TIR,SVM,0,1,147,P37,D4,4,4
MS+TIR,SVM,0,1,172,P44,D1,3,2
MS+TIR,SVM,0,1,173,P44,D2,4,4
MS+TIR,SVM,0,1,174,P44,D3,5,4
MS+TIR,SVM,0,1,175,P44,D4,5,5
MS+TIR,SVM,0,1,176,P45,D1,1,0
MS+TIR,SVM,0,1,177,P45,D2,1,1
MS+TIR,SVM,0,1,178,P45,D3,2,2
MS+TIR,SVM,0,1,179,P45,D4,2,2
MS+TIR,SVM,0,1,180,P46,D1,2,3
MS+TIR,SVM,0,1,181,P46,D2,4,3
MS+TIR,SVM,0,1,182,P46,D3,4,4
MS+TIR,SVM,0,1,183,P46,D4,5,5
MS+TIR,SVM,0,1,188,P48,D1,1,1
MS+TIR,SVM,0,1,189,P48,D2,2,2
MS+TIR,SVM,0,1,190,P48,D3,3,3
MS+TIR,SVM,0,1,191,P48,D4,4,4
MS+TIR,KNN,0,1,24,P07,D1,0,0
MS+TIR,KNN,0,1,25,P07,D2,0,1
MS+TIR,KNN,0,1,26,P07,D3,0,0
MS+TIR,KNN,0,1,27,P07,D4,0,0
MS+TIR,KNN,0,1,36,P10,D1,0,0
MS+TIR,KNN,0,1,37,P10,D2,0,0
MS+TIR,KNN,0,1,38,P10,D3,0,0
MS+TIR,KNN,0,1,39,P10,D4,0,0
MS+TIR,KNN,0,1,44,P12,D1,0,0
MS+TIR,KNN,0,1,45,P12,D2,0,0
MS+TIR,KNN,0,1,46,P12,D3,0,0
MS+TIR,KNN,0,1,47,P12,D4,0,0
MS+TIR,KNN,0,1,52,P14,D1,2,2
MS+TIR,KNN,0,1,53,P14,D2,3,3
MS+TIR,KNN,0,1,54,P14,D3,4,4
MS+TIR,KNN,0,1,55,P14,D4,5,5
MS+TIR,KNN,0,1,60,P16,D1,1,1
MS+TIR,KNN,0,1,61,P16,D2,1,2
MS+TIR,KNN,0,1,62,P16,D3,2,3
MS+TIR,KNN,0,1,63,P16,D4,3,3
MS+TIR,KNN,0,1,68,P18,D1,2,2
MS+TIR,KNN,0,1,69,P18,D2,3,3
MS+TIR,KNN,0,1,70,P18,D3,4,4
MS+TIR,KNN,0,1,71,P18,D4,5,5
MS+TIR,KNN,0,1,92,P24,D1,1,2
MS+TIR,KNN,0,1,93,P24,D2,3,3
MS+TIR,KNN,0,1,94,P24,D3,3,4
MS+TIR,KNN,0,1,95,P24,D4,4,4
MS+TIR,KNN,0,1,144,P37,D1,1,1
MS+TIR,KNN,0,1,145,P37,D2,3,4
MS+TIR,KNN,0,1,146,P37,D3,3,3
MS+TIR,KNN,0,1,147,P37,D4,4,4
MS+TIR,KNN,0,1,172,P44,D1,3,2
MS+TIR,KNN,0,1,173,P44,D2,4,3
MS+TIR,KNN,0,1,174,P44,D3,5,4
MS+TIR,KNN,0,1,175,P44,D4,5,4
MS+TIR,KNN,0,1,176,P45,D1,1,0
MS+TIR,KNN,0,1,177,P45,D2,1,0
MS+TIR,KNN,0,1,178,P45,D3,2,1
MS+TIR,KNN,0,1,179,P45,D4,2,2
MS+TIR,KNN,0,1,180,P46,D1,2,2
MS+TIR,KNN,0,1,181,P46,D2,4,3
MS+TIR,KNN,0,1,182,P46,D3,4,4
MS+TIR,KNN,0,1,183,P46,D4,5,5
MS+TIR,KNN,0,1,188,P48,D1,1,1
MS+TIR,KNN,0,1,189,P48,D2,2,3
MS+TIR,KNN,0,1,190,P48,D3,3,3
MS+TIR,KNN,0,1,191,P48,D4,4,4
ALL4,RF,0,1,24,P07,D1,0,0
ALL4,RF,0,1,25,P07,D2,0,0
ALL4,RF,0,1,26,P07,D3,0,0
ALL4,RF,0,1,27,P07,D4,0,0
ALL4,RF,0,1,36,P10,D1,0,0
ALL4,RF,0,1,37,P10,D2,0,0
ALL4,RF,0,1,38,P10,D3,0,0
ALL4,RF,0,1,39,P10,D4,0,0
ALL4,RF,0,1,44,P12,D1,0,0
ALL4,RF,0,1,45,P12,D2,0,0
ALL4,RF,0,1,46,P12,D3,0,0
ALL4,RF,0,1,47,P12,D4,0,0
ALL4,RF,0,1,52,P14,D1,2,2
ALL4,RF,0,1,53,P14,D2,3,4
ALL4,RF,0,1,54,P14,D3,4,5
ALL4,RF,0,1,55,P14,D4,5,5
ALL4,RF,0,1,60,P16,D1,1,1
ALL4,RF,0,1,61,P16,D2,1,2
ALL4,RF,0,1,62,P16,D3,2,2
ALL4,RF,0,1,63,P16,D4,3,3
ALL4,RF,0,1,68,P18,D1,2,3
ALL4,RF,0,1,69,P18,D2,3,3
ALL4,RF,0,1,70,P18,D3,4,4
ALL4,RF,0,1,71,P18,D4,5,5
ALL4,RF,0,1,92,P24,D1,1,1
ALL4,RF,0,1,93,P24,D2,3,2
ALL4,RF,0,1,94,P24,D3,3,3
ALL4,RF,0,1,95,P24,D4,4,4
ALL4,RF,0,1,144,P37,D1,1,1
ALL4,RF,0,1,145,P37,D2,3,4
ALL4,RF,0,1,146,P37,D3,3,4
ALL4,RF,0,1,147,P37,D4,4,4
ALL4,RF,0,1,172,P44,D1,3,2
ALL4,RF,0,1,173,P44,D2,4,4
ALL4,RF,0,1,174,P44,D3,5,5
ALL4,RF,0,1,175,P44,D4,5,5
ALL4,RF,0,1,176,P45,D1,1,1
ALL4,RF,0,1,177,P45,D2,1,1
ALL4,RF,0,1,178,P45,D3,2,1
ALL4,RF,0,1,179,P45,D4,2,2
ALL4,RF,0,1,180,P46,D1,2,3
ALL4,RF,0,1,181,P46,D2,4,3
ALL4,RF,0,1,182,P46,D3,4,4
ALL4,RF,0,1,183,P46,D4,5,5
ALL4,RF,0,1,188,P48,D1,1,1
ALL4,RF,0,1,189,P48,D2,2,2
ALL4,RF,0,1,190,P48,D3,3,3
ALL4,RF,0,1,191,P48,D4,4,4
ALL4,SVM,0,1,24,P07,D1,0,0
ALL4,SVM,0,1,25,P07,D2,0,0
ALL4,SVM,0,1,26,P07,D3,0,0
ALL4,SVM,0,1,27,P07,D4,0,0
ALL4,SVM,0,1,36,P10,D1,0,0
ALL4,SVM,0,1,37,P10,D2,0,0
ALL4,SVM,0,1,38,P10,D3,0,0
ALL4,SVM,0,1,39,P10,D4,0,0
ALL4,SVM,0,1,44,P12,D1,0,0
ALL4,SVM,0,1,45,P12,D2,0,0
ALL4,SVM,0,1,46,P12,D3,0,0
ALL4,SVM,0,1,47,P12,D4,0,0
ALL4,SVM,0,1,52,P14,D1,2,2
ALL4,SVM,0,1,53,P14,D2,3,4
ALL4,SVM,0,1,54,P14,D3,4,5
ALL4,SVM,0,1,55,P14,D4,5,5
ALL4,SVM,0,1,60,P16,D1,1,1
ALL4,SVM,0,1,61,P16,D2,1,2
ALL4,SVM,0,1,62,P16,D3,2,2
ALL4,SVM,0,1,63,P16,D4,3,3
ALL4,SVM,0,1,68,P18,D1,2,3
ALL4,SVM,0,1,69,P18,D2,3,3
ALL4,SVM,0,1,70,P18,D3,4,4
ALL4,SVM,0,1,71,P18,D4,5,5
ALL4,SVM,0,1,92,P24,D1,1,2
ALL4,SVM,0,1,93,P24,D2,3,3
ALL4,SVM,0,1,94,P24,D3,3,3
ALL4,SVM,0,1,95,P24,D4,4,4
ALL4,SVM,0,1,144,P37,D1,1,1
ALL4,SVM,0,1,145,P37,D2,3,4
ALL4,SVM,0,1,146,P37,D3,3,4
ALL4,SVM,0,1,147,P37,D4,4,3
ALL4,SVM,0,1,172,P44,D1,3,2
ALL4,SVM,0,1,173,P44,D2,4,4
ALL4,SVM,0,1,174,P44,D3,5,5
ALL4,SVM,0,1,175,P44,D4,5,5
ALL4,SVM,0,1,176,P45,D1,1,1
ALL4,SVM,0,1,177,P45,D2,1,1
ALL4,SVM,0,1,178,P45,D3,2,1
ALL4,SVM,0,1,179,P45,D4,2,2
ALL4,SVM,0,1,180,P46,D1,2,3
ALL4,SVM,0,1,181,P46,D2,4,3
ALL4,SVM,0,1,182,P46,D3,4,4
ALL4,SVM,0,1,183,P46,D4,5,5
ALL4,SVM,0,1,188,P48,D1,1,1
ALL4,SVM,0,1,189,P48,D2,2,3
ALL4,SVM,0,1,190,P48,D3,3,3
ALL4,SVM,0,1,191,P48,D4,4,4
ALL4,KNN,0,1,24,P07,D1,0,0
ALL4,KNN,0,1,25,P07,D2,0,0
ALL4,KNN,0,1,26,P07,D3,0,0
ALL4,KNN,0,1,27,P07,D4,0,0
ALL4,KNN,0,1,36,P10,D1,0,0
ALL4,KNN,0,1,37,P10,D2,0,0
ALL4,KNN,0,1,38,P10,D3,0,0
ALL4,KNN,0,1,39,P10,D4,0,0
ALL4,KNN,0,1,44,P12,D1,0,0
ALL4,KNN,0,1,45,P12,D2,0,0
ALL4,KNN,0,1,46,P12,D3,0,0
ALL4,KNN,0,1,47,P12,D4,0,0
ALL4,KNN,0,1,52,P14,D1,2,2
ALL4,KNN,0,1,53,P14,D2,3,4
ALL4,KNN,0,1,54,P14,D3,4,5
ALL4,KNN,0,1,55,P14,D4,5,5
ALL4,KNN,0,1,60,P16,D1,1,0
ALL4,KNN,0,1,61,P16,D2,1,2
ALL4,KNN,0,1,62,P16,D3,2,2
ALL4,KNN,0,1,63,P16,D4,3,3
ALL4,KNN,0,1,68,P18,D1,2,3
ALL4,KNN,0,1,69,P18,D2,3,3
ALL4,KNN,0,1,70,P18,D3,4,4
ALL4,KNN,0,1,71,P18,D4,5,5
ALL4,KNN,0,1,92,P24,D1,1,2
ALL4,KNN,0,1,93,P24,D2,3,3
ALL4,KNN,0,1,94,P24,D3,3,4
ALL4,KNN,0,1,95,P24,D4,4,4
ALL4,KNN,0,1,144,P37,D1,1,2
ALL4,KNN,0,1,145,P37,D2,3,4
ALL4,KNN,0,1,146,P37,D3,3,4
ALL4,KNN,0,1,147,P37,D4,4,4
ALL4,KNN,0,1,172,P44,D1,3,2
ALL4,KNN,0,1,173,P44,D2,4,4
ALL4,KNN,0,1,174,P44,D3,5,4
ALL4,KNN,0,1,175,P44,D4,5,4
ALL4,KNN,0,1,176,P45,D1,1,1
ALL4,KNN,0,1,177,P45,D2,1,1
ALL4,KNN,0,1,178,P45,D3,2,2
ALL4,KNN,0,1,179,P45,D4,2,2
ALL4,KNN,0,1,180,P46,D1,2,3
ALL4,KNN,0,1,181,P46,D2,4,3
ALL4,KNN,0,1,182,P46,D3,4,4
ALL4,KNN,0,1,183,P46,D4,5,5
ALL4,KNN,0,1,188,P48,D1,1,1
ALL4,KNN,0,1,189,P48,D2,2,3
ALL4,KNN,0,1,190,P48,D3,3,3
ALL4,KNN,0,1,191,P48,D4,4,4
MS,RF,0,2,8,P03,D1,0,0
MS,RF,0,2,9,P03,D2,0,0
MS,RF,0,2,10,P03,D3,0,0
MS,RF,0,2,11,P03,D4,0,0
MS,RF,0,2,12,P04,D1,0,0
MS,RF,0,2,13,P04,D2,0,0
MS,RF,0,2,14,P04,D3,0,0
MS,RF,0,2,15,P04,D4,0,0
MS,RF,0,2,16,P05,D1,0,0
MS,RF,0,2,17,P05,D2,0,0
MS,RF,0,2,18,P05,D3,0,0
MS,RF,0,2,19,P05,D4,0,0
MS,RF,0,2,56,P15,D1,1,1
MS,RF,0,2,57,P15,D2,2,2
MS,RF,0,2,58,P15,D3,3,3
MS,RF,0,2,59,P15,D4,3,3
MS,RF,0,2,88,P23,D1,2,2
MS,RF,0,2,89,P23,D2,3,4
MS,RF,0,2,90,P23,D3,4,4
MS,RF,0,2,91,P23,D4,5,5
MS,RF,0,2,104,P27,D1,3,1
MS,RF,0,2,105,P27,D2,4,2
MS,RF,0,2,106,P27,D3,5,4
MS,RF,0,2,107,P27,D4,5,5
MS,RF,0,2,116,P30,D1,2,3
MS,RF,0,2,117,P30,D2,3,3
MS,RF,0,2,118,P30,D3,4,4
MS,RF,0,2,119,P30,D4,4,5
MS,RF,0,2,132,P34,D1,1,1
MS,RF,0,2,133,P34,D2,2,1
MS,RF,0,2,134,P34,D3,3,3
MS,RF,0,2,135,P34,D4,3,4
MS,RF,0,2,152,P39,D1,1,1
MS,RF,0,2,153,P39,D2,3,2
MS,RF,0,2,154,P39,D3,4,4
MS,RF,0,2,155,P39,D4,4,5
MS,RF,0,2,168,P43,D1,1,0
MS,RF,0,2,169,P43,D2,1,1
MS,RF,0,2,170,P43,D3,2,2
MS,RF,0,2,171,P43,D4,3,2
MS,RF,0,2,184,P47,D1,2,3
MS,RF,0,2,185,P47,D2,3,4
MS,RF,0,2,186,P47,D3,4,4
MS,RF,0,2,187,P47,D4,5,5
MS,SVM,0,2,8,P03,D1,0,0
MS,SVM,0,2,9,P03,D2,0,0
MS,SVM,0,2,10,P03,D3,0,0
MS,SVM,0,2,11,P03,D4,0,0
MS,SVM,0,2,12,P04,D1,0,0
MS,SVM,0,2,13,P04,D2,0,0
MS,SVM,0,2,14,P04,D3,0,0
MS,SVM,0,2,15,P04,D4,0,0
MS,SVM,0,2,16,P05,D1,0,0
MS,SVM,0,2,17,P05,D2,0,0
MS,SVM,0,2,18,P05,D3,0,0
MS,SVM,0,2,19,P05,D4,0,0
MS,SVM,0,2,56,P15,D1,1,1
MS,SVM,0,2,57,P15,D2,2,2
MS,SVM,0,2,58,P15,D3,3,3
MS,SVM,0,2,59,P15,D4,3,3
MS,SVM,0,2,88,P23,D1,2,2
MS,SVM,0,2,89,P23,D2,3,3
MS,SVM,0,2,90,P23,D3,4,3
MS,SVM,0,2,91,P23,D4,5,5
MS,SVM,0,2,104,P27,D1,3,2
MS,SVM,0,2,105,P27,D2,4,2
MS,SVM,0,2,106,P27,D3,5,3
MS,SVM,0,2,107,P27,D4,5,5
MS,SVM,0,2,116,P30,D1,2,2
MS,SVM,0,2,117,P30,D2,3,3
MS,SVM,0,2,118,P30,D3,4,3
MS,SVM,0,2,119,P30,D4,4,5
MS,SVM,0,2,132,P34,D1,1,1
MS,SVM,0,2,133,P34,D2,2,1
MS,SVM,0,2,134,P34,D3,3,3
MS,SVM,0,2,135,P34,D4,3,4
MS,SVM,0,2,152,P39,D1,1,1
MS,SVM,0,2,153,P39,D2,3,2
MS,SVM,0,2,154,P39,D3,4,4
MS,SVM,0,2,155,P39,D4,4,5
MS,SVM,0,2,168,P43,D1,1,0
MS,SVM,0,2,169,P43,D2,1,1
MS,SVM,0,2,170,P43,D3,2,2
MS,SVM,0,2,171,P43,D4,3,2
MS,SVM,0,2,184,P47,D1,2,2
MS,SVM,0,2,185,P47,D2,3,3
MS,SVM,0,2,186,P47,D3,4,4
MS,SVM,0,2,187,P47,D4,5,5
MS,KNN,0,2,8,P03,D1,0,0
MS,KNN,0,2,9,P03,D2,0,0
MS,KNN,0,2,10,P03,D3,0,0
MS,KNN,0,2,11,P03,D4,0,0
MS,KNN,0,2,12,P04,D1,0,0
MS,KNN,0,2,13,P04,D2,0,0
MS,KNN,0,2,14,P04,D3,0,0
MS,KNN,0,2,15,P04,D4,0,0
MS,KNN,0,2,16,P05,D1,0,0
MS,KNN,0,2,17,P05,D2,0,0
MS,KNN,0,2,18,P05,D3,0,0
MS,KNN,0,2,19,P05,D4,0,0
MS,KNN,0,2,56,P15,D1,1,0
MS,KNN,0,2,57,P15,D2,2,2
MS,KNN,0,2,58,P15,D3,3,3
MS,KNN,0,2,59,P15,D4,3,3
MS,KNN,0,2,88,P23,D1,2,2
MS,KNN,0,2,89,P23,D2,3,3
MS,KNN,0,2,90,P23,D3,4,3
MS,KNN,0,2,91,P23,D4,5,5
MS,KNN,0,2,104,P27,D1,3,2
MS,KNN,0,2,105,P27,D2,4,2
MS,KNN,0,2,106,P27,D3,5,3
MS,KNN,0,2,107,P27,D4,5,5
MS,KNN,0,2,116,P30,D1,2,2
MS,KNN,0,2,117,P30,D2,3,3
MS,KNN,0,2,118,P30,D3,4,3
MS,KNN,0,2,119,P30,D4,4,5
MS,KNN,0,2,132,P34,D1,1,1
MS,KNN,0,2,133,P34,D2,2,1
MS,KNN,0,2,134,P34,D3,3,3
MS,KNN,0,2,135,P34,D4,3,4
MS,KNN,0,2,152,P39,D1,1,0
MS,KNN,0,2,153,P39,D2,3,2
MS,KNN,0,2,154,P39,D3,4,4
MS,KNN,0,2,155,P39,D4,4,5
MS,KNN,0,2,168,P43,D1,1,0
MS,KNN,0,2,169,P43,D2,1,1
MS,KNN,0,2,170,P43,D3,2,2
MS,KNN,0,2,171,P43,D4,3,3
MS,KNN,0,2,184,P47,D1,2,2
MS,KNN,0,2,185,P47,D2,3,3
MS,KNN,0,2,186,P47,D3,4,3
MS,KNN,0,2,187,P47,D4,5,5
HS,RF,0,2,8,P03,D1,0,0
HS,RF,0,2,9,P03,D2,0,0
HS,RF,0,2,10,P03,D3,0,0
HS,RF,0,2,11,P03,D4,0,0
HS,RF,0,2,12,P04,D1,0,0
HS,RF,0,2,13,P04,D2,0,0
HS,RF,0,2,14,P04,D3,0,0
HS,RF,0,2,15,P04,D4,0,0
HS,RF,0,2,16,P05,D1,0,0
HS,RF,0,2,17,P05,D2,0,0
HS,RF,0,2,18,P05,D3,0,0
HS,RF,0,2,19,P05,D4,0,0
HS,RF,0,2,56,P15,D1,1,1
HS,RF,0,2,57,P15,D2,2,3
HS,RF,0,2,58,P15,D3,3,3
HS,RF,0,2,59,P15,D4,3,4
HS,RF,0,2,88,P23,D1,2,1
HS,RF,0,2,89,P23,D2,3,3
HS,RF,0,2,90,P23,D3,4,3
HS,RF,0,2,91,P23,D4,5,4
HS,RF,0,2,104,P27,D1,3,2
HS,RF,0,2,105,P27,D2,4,3
HS,RF,0,2,106,P27,D3,5,4
HS,RF,0,2,107,P27,D4,5,5
HS,RF,0,2,116,P30,D1,2,1
HS,RF,0,2,117,P30,D2,3,1
HS,RF,0,2,118,P30,D3,4,3
HS,RF,0,2,119,P30,D4,4,3
HS,RF,0,2,132,P34,D1,1,1
HS,RF,0,2,133,P34,D2,2,2
HS,RF,0,2,134,P34,D3,3,3
HS,RF,0,2,135,P34,D4,3,5
HS,RF,0,2,152,P39,D1,1,0
HS,RF,0,2,153,P39,D2,3,2
HS,RF,0,2,154,P39,D3,4,3
HS,RF,0,2,155,P39,D4,4,4
HS,RF,0,2,168,P43,D1,1,1
HS,RF,0,2,169,P43,D2,1,1
HS,RF,0,2,170,P43,D3,2,3
HS,RF,0,2,171,P43,D4,3,2
HS,RF,0,2,184,P47,D1,2,2
HS,RF,0,2,185,P47,D2,3,3
HS,RF,0,2,186,P47,D3,4,4
HS,RF,0,2,187,P47,D4,5,4
HS,SVM,0,2,8,P03,D1,0,0
HS,SVM,0,2,9,P03,D2,0,0
HS,SVM,0,2,10,P03,D3,0,0
HS,SVM,0,2,11,P03,D4,0,0
HS,SVM,0,2,12,P04,D1,0,0
HS,SVM,0,2,13,P04,D2,0,0
HS,SVM,0,2,14,P04,D3,0,0
HS,SVM,0,2,15,P04,D4,0,0
HS,SVM,0,2,16,P05,D1,0,1
HS,SVM,0,2,17,P05,D2,0,0
HS,SVM,0,2,18,P05,D3,0,0
HS,SVM,0,2,19,P05,D4,0,0
HS,SVM,0,2,56,P15,D1,1,0
HS,SVM,0,2,57,P15,D2,2,2
HS,SVM,0,2,58,P15,D3,3,3
HS,SVM,0,2,59,P15,D4,3,4
HS,SVM,0,2,88,P23,D1,2,1
HS,SVM,0,2,89,P23,D2,3,4
HS,SVM,0,2,90,P23,D3,4,3
HS,SVM,0,2,91,P23,D4,5,5
HS,SVM,0,2,104,P27,D1,3,3
HS,SVM,0,2,105,P27,D2,4,3
HS,SVM,0,2,106,P27,D3,5,5
HS,SVM,0,2,107,P27,D4,5,4
HS,SVM,0,2,116,P30,D1,2,1
HS,SVM,0,2,117,P30,D2,3,2
HS,SVM,0,2,118,P30,D3,4,3
HS,SVM,0,2,119,P30,D4,4,5
HS,SVM,0,2,132,P34,D1,1,1
HS,SVM,0,2,133,P34,D2,2,2
HS,SVM,0,2,134,P34,D3,3,3
HS,SVM,0,2,135,P34,D4,3,4
HS,SVM,0,2,152,P39,D1,1,1
HS,SVM,0,2,153,P39,D2,3,2
HS,SVM,0,2,154,P39,D3,4,3
HS,SVM,0,2,155,P39,D4,4,4
HS,SVM,0,2,168,P43,D1,1,0
HS,SVM,0,2,169,P43,D2,1,2
HS,SVM,0,2,170,P43,D3,2,2
HS,SVM,0,2,171,P43,D4,3,3
HS,SVM,0,2,184,P47,D1,2,2
HS,SVM,0,2,185,P47,D2,3,3
HS,SVM,0,2,186,P47,D3,4,4
HS,SVM,0,2,187,P47,D4,5,4
HS,KNN,0,2,8,P03,D1,0,0
HS,KNN,0,2,9,P03,D2,0,0
HS,KNN,0,2,10,P03,D3,0,0
HS,KNN,0,2,11,P03,D4,0,0
HS,KNN,0,2,12,P04,D1,0,0
HS,KNN,0,2,13,P04,D2,0,0
HS,KNN,0,2,14,P04,D3,0,0
HS,KNN,0,2,15,P04,D4,0,0
HS,KNN,0,2,16,P05,D1,0,0
HS,KNN,0,2,17,P05,D2,0,0
HS,KNN,0,2,18,P05,D3,0,0
HS,KNN,0,2,19,P05,D4,0,0
HS,KNN,0,2,56,P15,D1,1,1
HS,KNN,0,2,57,P15,D2,2,2
HS,KNN,0,2,58,P15,D3,3,3
HS,KNN,0,2,59,P15,D4,3,4
HS,KNN,0,2,88,P23,D1,2,1
HS,KNN,0,2,89,P23,D2,3,3
HS,KNN,0,2,90,P23,D3,4,3
HS,KNN,0,2,91,P23,D4,5,4
HS,KNN,0,2,104,P27,D1,3,3
HS,KNN,0,2,105,P27,D2,4,2
HS,KNN,0,2,106,P27,D3,5,4
HS,KNN,0,2,107,P27,D4,5,5
HS,KNN,0,2,116,P30,D1,2,1
HS,KNN,0,2,117,P30,D2,3,2
HS,KNN,0,2,118,P30,D3,4,3
HS,KNN,0,2,119,P30,D4,4,4
HS,KNN,0,2,132,P34,D1,1,1
HS,KNN,0,2,133,P34,D2,2,2
HS,KNN,0,2,134,P34,D3,3,3
HS,KNN,0,2,135,P34,D4,3,4
HS,KNN,0,2,152,P39,D1,1,0
HS,KNN,0,2,153,P39,D2,3,2
HS,KNN,0,2,154,P39,D3,4,3
HS,KNN,0,2,155,P39,D4,4,4
HS,KNN,0,2,168,P43,D1,1,1
HS,KNN,0,2,169,P43,D2,1,2
HS,KNN,0,2,170,P43,D3,2,3
HS,KNN,0,2,171,P43,D4,3,3
HS,KNN,0,2,184,P47,D1,2,2
HS,KNN,0,2,185,P47,D2,3,3
HS,KNN,0,2,186,P47,D3,4,4
HS,KNN,0,2,187,P47,D4,5,4
RGB,RF,0,2,8,P03,D1,0,0
RGB,RF,0,2,9,P03,D2,0,1
RGB,RF,0,2,10,P03,D3,0,2
RGB,RF,0,2,11,P03,D4,0,3
RGB,RF,0,2,12,P04,D1,0,0
RGB,RF,0,2,13,P04,D2,0,3
RGB,RF,0,2,14,P04,D3,0,0
RGB,RF,0,2,15,P04,D4,0,0
RGB,RF,0,2,16,P05,D1,0,1
RGB,RF,0,2,17,P05,D2,0,3
RGB,RF,0,2,18,P05,D3,0,3
RGB,RF,0,2,19,P05,D4,0,0
RGB,RF,0,2,56,P15,D1,1,0
RGB,RF,0,2,57,P15,D2,2,3
RGB,RF,0,2,58,P15,D3,3,3
RGB,RF,0,2,59,P15,D4,3,3
RGB,RF,0,2,88,P23,D1,2,0
RGB,RF,0,2,89,P23,D2,3,3
RGB,RF,0,2,90,P23,D3,4,5
RGB,RF,0,2,91,P23,D4,5,4
RGB,RF,0,2,104,P27,D1,3,1
RGB,RF,0,2,105,P27,D2,4,4
RGB,RF,0,2,106,P27,D3,5,5
RGB,RF,0,2,107,P27,D4,5,5
RGB,RF,0,2,116,P30,D1,2,2
RGB,RF,0,2,117,P30,D2,3,3
RGB,RF,0,2,118,P30,D3,4,0
RGB,RF,0,2,119,P30,D4,4,5
RGB,RF,0,2,132,P34,D1,1,0
RGB,RF,0,2,133,P34,D2,2,2
RGB,RF,0,2,134,P34,D3,3,1
RGB,RF,0,2,135,P34,D4,3,4
RGB,RF,0,2,152,P39,D1,1,0
RGB,RF,0,2,153,P39,D2,3,3
RGB,RF,0,2,154,P39,D3,4,4
RGB,RF,0,2,155,P39,D4,4,4
RGB,RF,0,2,168,P43,D1,1,0
RGB,RF,0,2,169,P43,D2,1,0
RGB,RF,0,2,170,P43,D3,2,0
RGB,RF,0,2,171,P43,D4,3,0
RGB,RF,0,2,184,P47,D1,2,2
RGB,RF,0,2,185,P47,D2,3,4
RGB,RF,0,2,186,P47,D3,4,5
RGB,RF,0,2,187,P47,D4,5,4
RGB,SVM,0,2,8,P03,D1,0,0
RGB,SVM,0,2,9,P03,D2,0,0
RGB,SVM,0,2,10,P03,D3,0,2
RGB,SVM,0,2,11,P03,D4,0,3
RGB,SVM,0,2,12,P04,D1,0,0
RGB,SVM,0,2,13,P04,D2,0,3
RGB,SVM,0,2,14,P04,D3,0,0
RGB,SVM,0,2,15,P04,D4,0,2
RGB,SVM,0,2,16,P05,D1,0,2
RGB,SVM,0,2,17,P05,D2,0,3
RGB,SVM,0,2,18,P05,D3,0,0
RGB,SVM,0,2,19,P05,D4,0,0
RGB,SVM,0,2,56,P15,D1,1,0
RGB,SVM,0,2,57,P15,D2,2,3
RGB,SVM,0,2,58,P15,D3,3,3
RGB,SVM,0,2,59,P15,D4,3,3
RGB,SVM,0,2,88,P23,D1,2,2
RGB,SVM,0,2,89,P23,D2,3,3
RGB,SVM,0,2,90,P23,D3,4,5
RGB,SVM,0,2,91,P23,D4,5,4
RGB,SVM,0,2,104,P27,D1,3,0
RGB,SVM,0,2,105,P27,D2,4,4
RGB,SVM,0,2,106,P27,D3,5,5
RGB,SVM,0,2,107,P27,D4,5,5
RGB,SVM,0,2,116,P30,D1,2,2
RGB,SVM,0,2,117,P30,D2,3,3
RGB,SVM,0,2,118,P30,D3,4,0
RGB,SVM,0,2,119,P30,D4,4,4
RGB,SVM,0,2,132,P34,D1,1,0
RGB,SVM,0,2,133,P34,D2,2,0
RGB,SVM,0,2,134,P34,D3,3,2
RGB,SVM,0,2,135,P34,D4,3,4
RGB,SVM,0,2,152,P39,D1,1,0
RGB,SVM,0,2,153,P39,D2,3,3
RGB,SVM,0,2,154,P39,D3,4,4
RGB,SVM,0,2,155,P39,D4,4,4
RGB,SVM,0,2,168,P43,D1,1,1
RGB,SVM,0,2,169,P43,D2,1,2
RGB,SVM,0,2,170,P43,D3,2,0
RGB,SVM,0,2,171,P43,D4,3,2
RGB,SVM,0,2,184,P47,D1,2,0
RGB,SVM,0,2,185,P47,D2,3,3
RGB,SVM,0,2,186,P47,D3,4,5
RGB,SVM,0,2,187,P47,D4,5,4
RGB,KNN,0,2,8,P03,D1,0,0
RGB,KNN,0,2,9,P03,D2,0,0
RGB,KNN,0,2,10,P03,D3,0,2
RGB,KNN,0,2,11,P03,D4,0,0
RGB,KNN,0,2,12,P04,D1,0,0
RGB,KNN,0,2,13,P04,D2,0,0
RGB,KNN,0,2,14,P04,D3,0,0
RGB,KNN,0,2,15,P04,D4,0,0
RGB,KNN,0,2,16,P05,D1,0,0
RGB,KNN,0,2,17,P05,D2,0,0
RGB,KNN,0,2,18,P05,D3,0,0
RGB,KNN,0,2,19,P05,D4,0,0
RGB,KNN,0,2,56,P15,D1,1,0
RGB,KNN,0,2,57,P15,D2,2,0
RGB,KNN,0,2,58,P15,D3,3,3
RGB,KNN,0,2,59,P15,D4,3,4
RGB,KNN,0,2,88,P23,D1,2,0
RGB,KNN,0,2,89,P23,D2,3,4
RGB,KNN,0,2,90,P23,D3,4,5
RGB,KNN,0,2,91,P23,D4,5,4
RGB,KNN,0,2,104,P27,D1,3,2
RGB,KNN,0,2,105,P27,D2,4,3
RGB,KNN,0,2,106,P27,D3,5,5
RGB,KNN,0,2,107,P27,D4,5,5
RGB,KNN,0,2,116,P30,D1,2,2
RGB,KNN,0,2,117,P30,D2,3,3
RGB,KNN,0,2,118,P30,D3,4,0
RGB,KNN,0,2,119,P30,D4,4,4
RGB,KNN,0,2,132,P34,D1,1,0
RGB,KNN,0,2,133,P34,D2,2,2
RGB,KNN,0,2,134,P34,D3,3,1
RGB,KNN,0,2,135,P34,D4,3,4
RGB,KNN,0,2,152,P39,D1,1,0
RGB,KNN,0,2,153,P39,D2,3,3
RGB,KNN,0,2,154,P39,D3,4,4
RGB,KNN,0,2,155,P39,D4,4,4
RGB,KNN,0,2,168,P43,D1,1,0
RGB,KNN,0,2,169,P43,D2,1,0
RGB,KNN,0,2,170,P43,D3,2,0
RGB,KNN,0,2,171,P43,D4,3,2
RGB,KNN,0,2,184,P47,D1,2,2
RGB,KNN,0,2,185,P47,D2,3,3
RGB,KNN,0,2,186,P47,D3,4,4
RGB,KNN,0,2,187,P47,D4,5,4
TIR,RF,0,2,8,P03,D1,0,1
TIR,RF,0,2,9,P03,D2,0,1
TIR,RF,0,2,10,P03,D3,0,0
TIR,RF,0,2,11,P03,D4,0,0
TIR,RF,0,2,12,P04,D1,0,1
TIR,RF,0,2,13,P04,D2,0,1
TIR,RF,0,2,14,P04,D3,0,0
TIR,RF,0,2,15,P04,D4,0,0
TIR,RF,0,2,16,P05,D1,0,1
TIR,RF,0,2,17,P05,D2,0,0
TIR,RF,0,2,18,P05,D3,0,2
TIR,RF,0,2,19,P05,D4,0,0
TIR,RF,0,2,56,P15,D1,1,1
TIR,RF,0,2,57,P15,D2,2,2
TIR,RF,0,2,58,P15,D3,3,3
TIR,RF,0,2,59,P15,D4,3,3
TIR,RF,0,2,88,P23,D1,2,2
TIR,RF,0,2,89,P23,D2,3,2
TIR,RF,0,2,90,P23,D3,4,3
TIR,RF,0,2,91,P23,D4,5,5
TIR,RF,0,2,104,P27,D1,3,2
TIR,RF,0,2,105,P27,D2,4,3
TIR,RF,0,2,106,P27,D3,5,4
TIR,RF,0,2,107,P27,D4,5,5
TIR,RF,0,2,116,P30,D1,2,2
TIR,RF,0,2,117,P30,D2,3,2
TIR,RF,0,2,118,P30,D3,4,4
TIR,RF,0,2,119,P30,D4,4,5
TIR,RF,0,2,132,P34,D1,1,1
TIR,RF,0,2,133,P34,D2,2,1
TIR,RF,0,2,134,P34,D3,3,3
TIR,RF,0,2,135,P34,D4,3,3
TIR,RF,0,2,152,P39,D1,1,1
TIR,RF,0,2,153,P39,D2,3,2
TIR,RF,0,2,154,P39,D3,4,4
TIR,RF,0,2,155,P39,D4,4,4
TIR,RF,0,2,168,P43,D1,1,1
TIR,RF,0,2,169,P43,D2,1,1
TIR,RF,0,2,170,P43,D3,2,3
TIR,RF,0,2,171,P43,D4,3,3
TIR,RF,0,2,184,P47,D1,2,2
TIR,RF,0,2,185,P47,D2,3,3
TIR,RF,0,2,186,P47,D3,4,4
TIR,RF,0,2,187,P47,D4,5,5
TIR,SVM,0,2,8,P03,D1,0,1
TIR,SVM,0,2,9,P03,D2,0,1
TIR,SVM,0,2,10,P03,D3,0,0
TIR,SVM,0,2,11,P03,D4,0,0
TIR,SVM,0,2,12,P04,D1,0,1
TIR,SVM,0,2,13,P04,D2,0,1
TIR,SVM,0,2,14,P04,D3,0,0
TIR,SVM,0,2,15,P04,D4,0,0
TIR,SVM,0,2,16,P05,D1,0,1
TIR,SVM,0,2,17,P05,D2,0,1
TIR,SVM,0,2,18,P05,D3,0,2
TIR,SVM,0,2,19,P05,D4,0,0
TIR,SVM,0,2,56,P15,D1,1,1
TIR,SVM,0,2,57,P15,D2,2,2
TIR,SVM,0,2,58,P15,D3,3,2
TIR,SVM,0,2,59,P15,D4,3,3
TIR,SVM,0,2,88,P23,D1,2,2
TIR,SVM,0,2,89,P23,D2,3,2
TIR,SVM,0,2,90,P23,D3,4,3
TIR,SVM,0,2,91,P23,D4,5,5
TIR,SVM,0,2,104,P27,D1,3,2
TIR,SVM,0,2,105,P27,D2,4,3
TIR,SVM,0,2,106,P27,D3,5,4
TIR,SVM,0,2,107,P27,D4,5,5
TIR,SVM,0,2,116,P30,D1,2,2
TIR,SVM,0,2,117,P30,D2,3,2
TIR,SVM,0,2,118,P30,D3,4,4
TIR,SVM,0,2,119,P30,D4,4,5
TIR,SVM,0,2,132,P34,D1,1,1
TIR,SVM,0,2,133,P34,D2,2,2
TIR,SVM,0,2,134,P34,D3,3,3
TIR,SVM,0,2,135,P34,D4,3,3
TIR,SVM,0,2,152,P39,D1,1,1
TIR,SVM,0,2,153,P39,D2,3,2
TIR,SVM,0,2,154,P39,D3,4,4
TIR,SVM,0,2,155,P39,D4,4,5
TIR,SVM,0,2,168,P43,D1,1,1
TIR,SVM,0,2,169,P43,D2,1,1
TIR,SVM,0,2,170,P43,D3,2,3
TIR,SVM,0,2,171,P43,D4,3,3
TIR,SVM,0,2,184,P47,D1,2,2
TIR,SVM,0,2,185,P47,D2,3,3
TIR,SVM,0,2,186,P47,D3,4,4
TIR,SVM,0,2,187,P47,D4,5,5
TIR,KNN,0,2,8,P03,D1,0,1
TIR,KNN,0,2,9,P03,D2,0,0
TIR,KNN,0,2,10,P03,D3,0,0
TIR,KNN,0,2,11,P03,D4,0,0
TIR,KNN,0,2,12,P04,D1,0,1
TIR,KNN,0,2,13,P04,D2,0,0
TIR,KNN,0,2,14,P04,D3,0,0
TIR,KNN,0,2,15,P04,D4,0,0
TIR,KNN,0,2,16,P05,D1,0,0
TIR,KNN,0,2,17,P05,D2,0,0
TIR,KNN,0,2,18,P05,D3,0,2
TIR,KNN,0,2,19,P05,D4,0,0
TIR,KNN,0,2,56,P15,D1,1,1
TIR,KNN,0,2,57,P15,D2,2,0
TIR,KNN,0,2,58,P15,D3,3,3
TIR,KNN,0,2,59,P15,D4,3,4
TIR,KNN,0,2,88,P23,D1,2,2
TIR,KNN,0,2,89,P23,D2,3,0
TIR,KNN,0,2,90,P23,D3,4,3
TIR,KNN,0,2,91,P23,D4,5,5
TIR,KNN,0,2,104,P27,D1,3,2
TIR,KNN,0,2,105,P27,D2,4,3
TIR,KNN,0,2,106,P27,D3,5,4
TIR,KNN,0,2,107,P27,D4,5,5
TIR,KNN,0,2,116,P30,D1,2,2
TIR,KNN,0,2,117,P30,D2,3,3
TIR,KNN,0,2,118,P30,D3,4,4
TIR,KNN,0,2,119,P30,D4,4,5
TIR,KNN,0,2,132,P34,D1,1,1
TIR,KNN,0,2,133,P34,D2,2,0
TIR,KNN,0,2,134,P34,D3,3,3
TIR,KNN,0,2,135,P34,D4,3,4
TIR,KNN,0,2,152,P39,D1,1,1
TIR,KNN,0,2,153,P39,D2,3,0
TIR,KNN,0,2,154,P39,D3,4,3
TIR,KNN,0,2,155,P39,D4,4,4
TIR,KNN,0,2,168,P43,D1,1,0
TIR,KNN,0,2,169,P43,D2,1,0
TIR,KNN,0,2,170,P43,D3,2,3
TIR,KNN,0,2,171,P43,D4,3,3
TIR,KNN,0,2,184,P47,D1,2,2
TIR,KNN,0,2,185,P47,D2,3,3
TIR,KNN,0,2,186,P47,D3,4,4
TIR,KNN,0,2,187,P47,D4,5,5
MS+TIR,RF,0,2,8,P03,D1,0,0
MS+TIR,RF,0,2,9,P03,D2,0,0
MS+TIR,RF,0,2,10,P03,D3,0,0
MS+TIR,RF,0,2,11,P03,D4,0,0
MS+TIR,RF,0,2,12,P04,D1,0,1
MS+TIR,RF,0,2,13,P04,D2,0,0
MS+TIR,RF,0,2,14,P04,D3,0,0
MS+TIR,RF,0,2,15,P04,D4,0,0
MS+TIR,RF,0,2,16,P05,D1,0,0
MS+TIR,RF,0,2,17,P05,D2,0,0
MS+TIR,RF,0,2,18,P05,D3,0,0
MS+TIR,RF,0,2,19,P05,D4,0,0
MS+TIR,RF,0,2,56,P15,D1,1,1
MS+TIR,RF,0,2,57,P15,D2,2,2
MS+TIR,RF,0,2,58,P15,D3,3,3
MS+TIR,RF,0,2,59,P15,D4,3,5
MS+TIR,RF,0,2,88,P23,D1,2,2
MS+TIR,RF,0,2,89,P23,D2,3,3
MS+TIR,RF,0,2,90,P23,D3,4,3
MS+TIR,RF,0,2,91,P23,D4,5,5
MS+TIR,RF,0,2,104,P27,D1,3,2
MS+TIR,RF,0,2,105,P27,D2,4,3
MS+TIR,RF,0,2,106,P27,D3,5,4
MS+TIR,RF,0,2,107,P27,D4,5,5
MS+TIR,RF,0,2,116,P30,D1,2,2
MS+TIR,RF,0,2,117,P30,D2,3,3
MS+TIR,RF,0,2,118,P30,D3,4,4
MS+TIR,RF,0,2,119,P30,D4,4,5
MS+TIR,RF,0,2,132,P34,D1,1,1
MS+TIR,RF,0,2,133,P34,D2,2,1
MS+TIR,RF,0,2,134,P34,D3,3,3
MS+TIR,RF,0,2,135,P34,D4,3,4
MS+TIR,RF,0,2,152,P39,D1,1,1
MS+TIR,RF,0,2,153,P39,D2,3,2
MS+TIR,RF,0,2,154,P39,D3,4,4
MS+TIR,RF,0,2,155,P39,D4,4,4
MS+TIR,RF,0,2,168,P43,D1,1,1
MS+TIR,RF,0,2,169,P43,D2,1,1
MS+TIR,RF,0,2,170,P43,D3,2,3
MS+TIR,RF,0,2,171,P43,D4,3,3
MS+TIR,RF,0,2,184,P47,D1,2,2
MS+TIR,RF,0,2,185,P47,D2,3,3
MS+TIR,RF,0,2,186,P47,D3,4,4
MS+TIR,RF,0,2,187,P47,D4,5,5
MS+TIR,SVM,0,2,8,P03,D1,0,0
MS+TIR,SVM,0,2,9,P03,D2,0,0
MS+TIR,SVM,0,2,10,P03,D3,0,0
MS+TIR,SVM,0,2,11,P03,D4,0,0
MS+TIR,SVM,0,2,12,P04,D1,0,1
MS+TIR,SVM,0,2,13,P04,D2,0,0
MS+TIR,SVM,0,2,14,P04,D3,0,0
MS+TIR,SVM,0,2,15,P04,D4,0,0
MS+TIR,SVM,0,2,16,P05,D1,0,0
MS+TIR,SVM,0,2,17,P05,D2,0,0
MS+TIR,SVM,0,2,18,P05,D3,0,0
MS+TIR,SVM,0,2,19,P05,D4,0,0
MS+TIR,SVM,0,2,56,P15,D1,1,1
MS+TIR,SVM,0,2,57,P15,D2,2,2
MS+TIR,SVM,0,2,58,P15,D3,3,3
MS+TIR,SVM,0,2,59,P15,D4,3,4
MS+TIR,SVM,0,2,88,P23,D1,2,2
MS+TIR,SVM,0,2,89,P23,D2,3,3
MS+TIR,SVM,0,2,90,P23,D3,4,3
MS+TIR,SVM,0,2,91,P23,D4,5,5
MS+TIR,SVM,0,2,104,P27,D1,3,2
MS+TIR,SVM,0,2,105,P27,D2,4,3
MS+TIR,SVM,0,2,106,P27,D3,5,4
MS+TIR,SVM,0,2,107,P27,D4,5,5
MS+TIR,SVM,0,2,116,P30,D1,2,2
MS+TIR,SVM,0,2,117,P30,D2,3,2
MS+TIR,SVM,0,2,118,P30,D3,4,4
MS+TIR,SVM,0,2,119,P30,D4,4,5
MS+TIR,SVM,0,2,132,P34,D1,1,1
MS+TIR,SVM,0,2,133,P34,D2,2,1
MS+TIR,SVM,0,2,134,P34,D3,3,3
MS+TIR,SVM,0,2,135,P34,D4,3,3
MS+TIR,SVM,0,2,152,P39,D1,1,1
MS+TIR,SVM,0,2,153,P39,D2,3,2
MS+TIR,SVM,0,2,154,P39,D3,4,4
MS+TIR,SVM,0,2,155,P39,D4,4,5
MS+TIR,SVM,0,2,168,P43,D1,1,1
MS+TIR,SVM,0,2,169,P43,D2,1,1
MS+TIR,SVM,0,2,170,P43,D3,2,3
MS+TIR,SVM,0,2,171,P43,D4,3,3
MS+TIR,SVM,0,2,184,P47,D1,2,2
MS+TIR,SVM,0,2,185,P47,D2,3,3
MS+TIR,SVM,0,2,186,P47,D3,4,4
MS+TIR,SVM,0,2,187,P47,D4,5,5
MS+TIR,KNN,0,2,8,P03,D1,0,0
MS+TIR,KNN,0,2,9,P03,D2,0,0
MS+TIR,KNN,0,2,10,P03,D3,0,0
MS+TIR,KNN,0,2,11,P03,D4,0,0
MS+TIR,KNN,0,2,12,P04,D1,0,0
MS+TIR,KNN,0,2,13,P04,D2,0,0
MS+TIR,KNN,0,2,14,P04,D3,0,0
MS+TIR,KNN,0,2,15,P04,D4,0,0
MS+TIR,KNN,0,2,16,P05,D1,0,0
MS+TIR,KNN,0,2,17,P05,D2,0,0
MS+TIR,KNN,0,2,18,P05,D3,0,0
MS+TIR,KNN,0,2,19,P05,D4,0,0
MS+TIR,KNN,0,2,56,P15,D1,1,1
MS+TIR,KNN,0,2,57,P15,D2,2,2
MS+TIR,KNN,0,2,58,P15,D3,3,3
MS+TIR,KNN,0,2,59,P15,D4,3,4
MS+TIR,KNN,0,2,88,P23,D1,2,2
MS+TIR,KNN,0,2,89,P23,D2,3,3
MS+TIR,KNN,0,2,90,P23,D3,4,3
MS+TIR,KNN,0,2,91,P23,D4,5,5
MS+TIR,KNN,0,2,104,P27,D1,3,2
MS+TIR,KNN,0,2,105,P27,D2,4,2
MS+TIR,KNN,0,2,106,P27,D3,5,4
MS+TIR,KNN,0,2,107,P27,D4,5,5
MS+TIR,KNN,0,2,116,P30,D1,2,2
MS+TIR,KNN,0,2,117,P30,D2,3,2
MS+TIR,KNN,0,2,118,P30,D3,4,4
MS+TIR,KNN,0,2,119,P30,D4,4,5
MS+TIR,KNN,0,2,132,P34,D1,1,1
MS+TIR,KNN,0,2,133,P34,D2,2,1
MS+TIR,KNN,0,2,134,P34,D3,3,3
MS+TIR,KNN,0,2,135,P34,D4,3,4
MS+TIR,KNN,0,2,152,P39,D1,1,1
MS+TIR,KNN,0,2,153,P39,D2,3,2
MS+TIR,KNN,0,2,154,P39,D3,4,4
MS+TIR,KNN,0,2,155,P39,D4,4,5
MS+TIR,KNN,0,2,168,P43,D1,1,0
MS+TIR,KNN,0,2,169,P43,D2,1,1
MS+TIR,KNN,0,2,170,P43,D3,2,3
MS+TIR,KNN,0,2,171,P43,D4,3,3
MS+TIR,KNN,0,2,184,P47,D1,2,2
MS+TIR,KNN,0,2,185,P47,D2,3,3
MS+TIR,KNN,0,2,186,P47,D3,4,4
MS+TIR,KNN,0,2,187,P47,D4,5,5
ALL4,RF,0,2,8,P03,D1,0,0
ALL4,RF,0,2,9,P03,D2,0,0
ALL4,RF,0,2,10,P03,D3,0,0
ALL4,RF,0,2,11,P03,D4,0,0
ALL4,RF,0,2,12,P04,D1,0,0
ALL4,RF,0,2,13,P04,D2,0,0
ALL4,RF,0,2,14,P04,D3,0,0
ALL4,RF,0,2,15,P04,D4,0,0
ALL4,RF,0,2,16,P05,D1,0,0
ALL4,RF,0,2,17,P05,D2,0,0
ALL4,RF,0,2,18,P05,D3,0,0
ALL4,RF,0,2,19,P05,D4,0,0
ALL4,RF,0,2,56,P15,D1,1,1
ALL4,RF,0,2,57,P15,D2,2,3
ALL4,RF,0,2,58,P15,D3,3,3
ALL4,RF,0,2,59,P15,D4,3,4
ALL4,RF,0,2,88,P23,D1,2,2
ALL4,RF,0,2,89,P23,D2,3,3
ALL4,RF,0,2,90,P23,D3,4,3
ALL4,RF,0,2,91,P23,D4,5,5
ALL4,RF,0,2,104,P27,D1,3,2
ALL4,RF,0,2,105,P27,D2,4,3
ALL4,RF,0,2,106,P27,D3,5,5
ALL4,RF,0,2,107,P27,D4,5,5
ALL4,RF,0,2,116,P30,D1,2,2
ALL4,RF,0,2,117,P30,D2,3,3
ALL4,RF,0,2,118,P30,D3,4,3
ALL4,RF,0,2,119,P30,D4,4,4
ALL4,RF,0,2,132,P34,D1,1,1
ALL4,RF,0,2,133,P34,D2,2,2
ALL4,RF,0,2,134,P34,D3,3,2
ALL4,RF,0,2,135,P34,D4,3,4
ALL4,RF,0,2,152,P39,D1,1,0
ALL4,RF,0,2,153,P39,D2,3,3
ALL4,RF,0,2,154,P39,D3,4,3
ALL4,RF,0,2,155,P39,D4,4,4
ALL4,RF,0,2,168,P43,D1,1,1
ALL4,RF,0,2,169,P43,D2,1,1
ALL4,RF,0,2,170,P43,D3,2,3
ALL4,RF,0,2,171,P43,D4,3,3
ALL4,RF,0,2,184,P47,D1,2,2
ALL4,RF,0,2,185,P47,D2,3,3
ALL4,RF,0,2,186,P47,D3,4,5
ALL4,RF,0,2,187,P47,D4,5,5
ALL4,SVM,0,2,8,P03,D1,0,0
ALL4,SVM,0,2,9,P03,D2,0,0
ALL4,SVM,0,2,10,P03,D3,0,0
ALL4,SVM,0,2,11,P03,D4,0,0
ALL4,SVM,0,2,12,P04,D1,0,0
ALL4,SVM,0,2,13,P04,D2,0,0
ALL4,SVM,0,2,14,P04,D3,0,0
ALL4,SVM,0,2,15,P04,D4,0,0
ALL4,SVM,0,2,16,P05,D1,0,0
ALL4,SVM,0,2,17,P05,D2,0,0
ALL4,SVM,0,2,18,P05,D3,0,0
ALL4,SVM,0,2,19,P05,D4,0,0
ALL4,SVM,0,2,56,P15,D1,1,1
ALL4,SVM,0,2,57,P15,D2,2,2
ALL4,SVM,0,2,58,P15,D3,3,3
ALL4,SVM,0,2,59,P15,D4,3,3
ALL4,SVM,0,2,88,P23,D1,2,2
ALL4,SVM,0,2,89,P23,D2,3,2
ALL4,SVM,0,2,90,P23,D3,4,4
ALL4,SVM,0,2,91,P23,D4,5,5
ALL4,SVM,0,2,104,P27,D1,3,2
ALL4,SVM,0,2,105,P27,D2,4,3
ALL4,SVM,0,2,106,P27,D3,5,5
ALL4,SVM,0,2,107,P27,D4,5,5
ALL4,SVM,0,2,116,P30,D1,2,2
ALL4,SVM,0,2,117,P30,D2,3,2
ALL4,SVM,0,2,118,P30,D3,4,3
ALL4,SVM,0,2,119,P30,D4,4,4
ALL4,SVM,0,2,132,P34,D1,1,1
ALL4,SVM,0,2,133,P34,D2,2,2
ALL4,SVM,0,2,134,P34,D3,3,2
ALL4,SVM,0,2,135,P34,D4,3,4
ALL4,SVM,0,2,152,P39,D1,1,0
ALL4,SVM,0,2,153,P39,D2,3,2
ALL4,SVM,0,2,154,P39,D3,4,3
ALL4,SVM,0,2,155,P39,D4,4,4
ALL4,SVM,0,2,168,P43,D1,1,0
ALL4,SVM,0,2,169,P43,D2,1,2
ALL4,SVM,0,2,170,P43,D3,2,3
ALL4,SVM,0,2,171,P43,D4,3,2
ALL4,SVM,0,2,184,P47,D1,2,2
ALL4,SVM,0,2,185,P47,D2,3,3
ALL4,SVM,0,2,186,P47,D3,4,5
ALL4,SVM,0,2,187,P47,D4,5,4
ALL4,KNN,0,2,8,P03,D1,0,0
ALL4,KNN,0,2,9,P03,D2,0,0
ALL4,KNN,0,2,10,P03,D3,0,0
ALL4,KNN,0,2,11,P03,D4,0,0
ALL4,KNN,0,2,12,P04,D1,0,0
ALL4,KNN,0,2,13,P04,D2,0,0
ALL4,KNN,0,2,14,P04,D3,0,0
ALL4,KNN,0,2,15,P04,D4,0,0
ALL4,KNN,0,2,16,P05,D1,0,0
ALL4,KNN,0,2,17,P05,D2,0,0
ALL4,KNN,0,2,18,P05,D3,0,0
ALL4,KNN,0,2,19,P05,D4,0,0
ALL4,KNN,0,2,56,P15,D1,1,1
ALL4,KNN,0,2,57,P15,D2,2,2
ALL4,KNN,0,2,58,P15,D3,3,3
ALL4,KNN,0,2,59,P15,D4,3,3
ALL4,KNN,0,2,88,P23,D1,2,2
ALL4,KNN,0,2,89,P23,D2,3,3
ALL4,KNN,0,2,90,P23,D3,4,4
ALL4,KNN,0,2,91,P23,D4,5,4
ALL4,KNN,0,2,104,P27,D1,3,2
ALL4,KNN,0,2,105,P27,D2,4,3
ALL4,KNN,0,2,106,P27,D3,5,5
ALL4,KNN,0,2,107,P27,D4,5,5
ALL4,KNN,0,2,116,P30,D1,2,2
ALL4,KNN,0,2,117,P30,D2,3,2
ALL4,KNN,0,2,118,P30,D3,4,3
ALL4,KNN,0,2,119,P30,D4,4,4
ALL4,KNN,0,2,132,P34,D1,1,1
ALL4,KNN,0,2,133,P34,D2,2,2
ALL4,KNN,0,2,134,P34,D3,3,2
ALL4,KNN,0,2,135,P34,D4,3,4
ALL4,KNN,0,2,152,P39,D1,1,0
ALL4,KNN,0,2,153,P39,D2,3,2
ALL4,KNN,0,2,154,P39,D3,4,3
ALL4,KNN,0,2,155,P39,D4,4,4
ALL4,KNN,0,2,168,P43,D1,1,1
ALL4,KNN,0,2,169,P43,D2,1,2
ALL4,KNN,0,2,170,P43,D3,2,3
ALL4,KNN,0,2,171,P43,D4,3,3
ALL4,KNN,0,2,184,P47,D1,2,2
ALL4,KNN,0,2,185,P47,D2,3,3
ALL4,KNN,0,2,186,P47,D3,4,4
ALL4,KNN,0,2,187,P47,D4,5,4
MS,RF,0,3,0,P01,D1,0,1
MS,RF,0,3,1,P01,D2,0,1
MS,RF,0,3,2,P01,D3,0,0
MS,RF,0,3,3,P01,D4,0,0
MS,RF,0,3,4,P02,D1,0,0
MS,RF,0,3,5,P02,D2,0,0
MS,RF,0,3,6,P02,D3,0,0
MS,RF,0,3,7,P02,D4,0,0
MS,RF,0,3,28,P08,D1,0,0
MS,RF,0,3,29,P08,D2,0,0
MS,RF,0,3,30,P08,D3,0,0
MS,RF,0,3,31,P08,D4,0,0
MS,RF,0,3,72,P19,D1,1,1
MS,RF,0,3,73,P19,D2,2,2
MS,RF,0,3,74,P19,D3,3,1
MS,RF,0,3,75,P19,D4,4,3
MS,RF,0,3,80,P21,D1,1,1
MS,RF,0,3,81,P21,D2,3,2
MS,RF,0,3,82,P21,D3,3,3
MS,RF,0,3,83,P21,D4,4,5
MS,RF,0,3,84,P22,D1,2,2
MS,RF,0,3,85,P22,D2,3,3
MS,RF,0,3,86,P22,D3,4,4
MS,RF,0,3,87,P22,D4,4,5
MS,RF,0,3,96,P25,D1,1,0
MS,RF,0,3,97,P25,D2,1,1
MS,RF,0,3,98,P25,D3,2,2
MS,RF,0,3,99,P25,D4,3,3
MS,RF,0,3,108,P28,D1,2,1
MS,RF,0,3,109,P28,D2,3,3
MS,RF,0,3,110,P28,D3,4,4
MS,RF,0,3,111,P28,D4,5,4
MS,RF,0,3,112,P29,D1,1,1
MS,RF,0,3,113,P29,D2,3,2
MS,RF,0,3,114,P29,D3,3,3
MS,RF,0,3,115,P29,D4,4,3
MS,RF,0,3,120,P31,D1,2,3
MS,RF,0,3,121,P31,D2,3,4
MS,RF,0,3,122,P31,D3,4,4
MS,RF,0,3,123,P31,D4,5,4
MS,RF,0,3,124,P32,D1,3,2
MS,RF,0,3,125,P32,D2,4,3
MS,RF,0,3,126,P32,D3,4,5
MS,RF,0,3,127,P32,D4,5,5
MS,RF,0,3,128,P33,D1,2,3
MS,RF,0,3,129,P33,D2,3,4
MS,RF,0,3,130,P33,D3,4,4
MS,RF,0,3,131,P33,D4,5,5
MS,RF,0,3,148,P38,D1,1,0
MS,RF,0,3,149,P38,D2,2,2
MS,RF,0,3,150,P38,D3,3,2
MS,RF,0,3,151,P38,D4,3,4
MS,SVM,0,3,0,P01,D1,0,1
MS,SVM,0,3,1,P01,D2,0,1
MS,SVM,0,3,2,P01,D3,0,0
MS,SVM,0,3,3,P01,D4,0,0
MS,SVM,0,3,4,P02,D1,0,0
MS,SVM,0,3,5,P02,D2,0,0
MS,SVM,0,3,6,P02,D3,0,0
MS,SVM,0,3,7,P02,D4,0,0
MS,SVM,0,3,28,P08,D1,0,0
MS,SVM,0,3,29,P08,D2,0,0
MS,SVM,0,3,30,P08,D3,0,0
MS,SVM,0,3,31,P08,D4,0,0
MS,SVM,0,3,72,P19,D1,1,1
MS,SVM,0,3,73,P19,D2,2,2
MS,SVM,0,3,74,P19,D3,3,2
MS,SVM,0,3,75,P19,D4,4,3
MS,SVM,0,3,80,P21,D1,1,1
MS,SVM,0,3,81,P21,D2,3,2
MS,SVM,0,3,82,P21,D3,3,3
MS,SVM,0,3,83,P21,D4,4,4
MS,SVM,0,3,84,P22,D1,2,2
MS,SVM,0,3,85,P22,D2,3,3
MS,SVM,0,3,86,P22,D3,4,4
MS,SVM,0,3,87,P22,D4,4,4
MS,SVM,0,3,96,P25,D1,1,0
MS,SVM,0,3,97,P25,D2,1,1
MS,SVM,0,3,98,P25,D3,2,2
MS,SVM,0,3,99,P25,D4,3,3
MS,SVM,0,3,108,P28,D1,2,2
MS,SVM,0,3,109,P28,D2,3,3
MS,SVM,0,3,110,P28,D3,4,4
MS,SVM,0,3,111,P28,D4,5,4
MS,SVM,0,3,112,P29,D1,1,1
MS,SVM,0,3,113,P29,D2,3,2
MS,SVM,0,3,114,P29,D3,3,3
MS,SVM,0,3,115,P29,D4,4,3
MS,SVM,0,3,120,P31,D1,2,2
MS,SVM,0,3,121,P31,D2,3,4
MS,SVM,0,3,122,P31,D3,4,4
MS,SVM,0,3,123,P31,D4,5,5
MS,SVM,0,3,124,P32,D1,3,2
MS,SVM,0,3,125,P32,D2,4,5
MS,SVM,0,3,126,P32,D3,4,5
MS,SVM,0,3,127,P32,D4,5,5
MS,SVM,0,3,128,P33,D1,2,2
MS,SVM,0,3,129,P33,D2,3,3
MS,SVM,0,3,130,P33,D3,4,4
MS,SVM,0,3,131,P33,D4,5,5
MS,SVM,0,3,148,P38,D1,1,0
MS,SVM,0,3,149,P38,D2,2,2
MS,SVM,0,3,150,P38,D3,3,2
MS,SVM,0,3,151,P38,D4,3,4
MS,KNN,0,3,0,P01,D1,0,0
MS,KNN,0,3,1,P01,D2,0,1
MS,KNN,0,3,2,P01,D3,0,0
MS,KNN,0,3,3,P01,D4,0,1
MS,KNN,0,3,4,P02,D1,0,0
MS,KNN,0,3,5,P02,D2,0,0
MS,KNN,0,3,6,P02,D3,0,0
MS,KNN,0,3,7,P02,D4,0,0
MS,KNN,0,3,28,P08,D1,0,0
MS,KNN,0,3,29,P08,D2,0,0
MS,KNN,0,3,30,P08,D3,0,0
MS,KNN,0,3,31,P08,D4,0,0
MS,KNN,0,3,72,P19,D1,1,1
MS,KNN,0,3,73,P19,D2,2,3
MS,KNN,0,3,74,P19,D3,3,2
MS,KNN,0,3,75,P19,D4,4,3
MS,KNN,0,3,80,P21,D1,1,1
MS,KNN,0,3,81,P21,D2,3,2
MS,KNN,0,3,82,P21,D3,3,3
MS,KNN,0,3,83,P21,D4,4,3
MS,KNN,0,3,84,P22,D1,2,2
MS,KNN,0,3,85,P22,D2,3,3
MS,KNN,0,3,86,P22,D3,4,3
MS,KNN,0,3,87,P22,D4,4,5
MS,KNN,0,3,96,P25,D1,1,0
MS,KNN,0,3,97,P25,D2,1,1
MS,KNN,0,3,98,P25,D3,2,2
MS,KNN,0,3,99,P25,D4,3,3
MS,KNN,0,3,108,P28,D1,2,2
MS,KNN,0,3,109,P28,D2,3,4
MS,KNN,0,3,110,P28,D3,4,4
MS,KNN,0,3,111,P28,D4,5,4
MS,KNN,0,3,112,P29,D1,1,1
MS,KNN,0,3,113,P29,D2,3,2
MS,KNN,0,3,114,P29,D3,3,3
MS,KNN,0,3,115,P29,D4,4,4
MS,KNN,0,3,120,P31,D1,2,3
MS,KNN,0,3,121,P31,D2,3,3
MS,KNN,0,3,122,P31,D3,4,5
MS,KNN,0,3,123,P31,D4,5,4
MS,KNN,0,3,124,P32,D1,3,2
MS,KNN,0,3,125,P32,D2,4,3
MS,KNN,0,3,126,P32,D3,4,4
MS,KNN,0,3,127,P32,D4,5,5
MS,KNN,0,3,128,P33,D1,2,2
MS,KNN,0,3,129,P33,D2,3,4
MS,KNN,0,3,130,P33,D3,4,4
MS,KNN,0,3,131,P33,D4,5,5
MS,KNN,0,3,148,P38,D1,1,0
MS,KNN,0,3,149,P38,D2,2,2
MS,KNN,0,3,150,P38,D3,3,2
MS,KNN,0,3,151,P38,D4,3,4
HS,RF,0,3,0,P01,D1,0,0
HS,RF,0,3,1,P01,D2,0,0
HS,RF,0,3,2,P01,D3,0,0
HS,RF,0,3,3,P01,D4,0,0
HS,RF,0,3,4,P02,D1,0,0
HS,RF,0,3,5,P02,D2,0,0
HS,RF,0,3,6,P02,D3,0,0
HS,RF,0,3,7,P02,D4,0,0
HS,RF,0,3,28,P08,D1,0,0
HS,RF,0,3,29,P08,D2,0,0
HS,RF,0,3,30,P08,D3,0,0
HS,RF,0,3,31,P08,D4,0,0
HS,RF,0,3,72,P19,D1,1,0
HS,RF,0,3,73,P19,D2,2,3
HS,RF,0,3,74,P19,D3,3,2
HS,RF,0,3,75,P19,D4,4,4
HS,RF,0,3,80,P21,D1,1,1
HS,RF,0,3,81,P21,D2,3,2
HS,RF,0,3,82,P21,D3,3,3
HS,RF,0,3,83,P21,D4,4,3
HS,RF,0,3,84,P22,D1,2,1
HS,RF,0,3,85,P22,D2,3,3
HS,RF,0,3,86,P22,D3,4,4
HS,RF,0,3,87,P22,D4,4,5
HS,RF,0,3,96,P25,D1,1,0
HS,RF,0,3,97,P25,D2,1,1
HS,RF,0,3,98,P25,D3,2,1
HS,RF,0,3,99,P25,D4,3,2
HS,RF,0,3,108,P28,D1,2,3
HS,RF,0,3,109,P28,D2,3,4
HS,RF,0,3,110,P28,D3,4,5
HS,RF,0,3,111,P28,D4,5,5
HS,RF,0,3,112,P29,D1,1,1
HS,RF,0,3,113,P29,D2,3,2
HS,RF,0,3,114,P29,D3,3,3
HS,RF,0,3,115,P29,D4,4,4
HS,RF,0,3,120,P31,D1,2,2
HS,RF,0,3,121,P31,D2,3,4
HS,RF,0,3,122,P31,D3,4,4
HS,RF,0,3,123,P31,D4,5,5
HS,RF,0,3,124,P32,D1,3,2
HS,RF,0,3,125,P32,D2,4,3
HS,RF,0,3,126,P32,D3,4,4
HS,RF,0,3,127,P32,D4,5,5
HS,RF,0,3,128,P33,D1,2,3
HS,RF,0,3,129,P33,D2,3,3
HS,RF,0,3,130,P33,D3,4,5
HS,RF,0,3,131,P33,D4,5,4
HS,RF,0,3,148,P38,D1,1,1
HS,RF,0,3,149,P38,D2,2,1
HS,RF,0,3,150,P38,D3,3,2
HS,RF,0,3,151,P38,D4,3,3
HS,SVM,0,3,0,P01,D1,0,0
HS,SVM,0,3,1,P01,D2,0,0
HS,SVM,0,3,2,P01,D3,0,0
HS,SVM,0,3,3,P01,D4,0,0
HS,SVM,0,3,4,P02,D1,0,0
HS,SVM,0,3,5,P02,D2,0,0
HS,SVM,0,3,6,P02,D3,0,0
HS,SVM,0,3,7,P02,D4,0,0
HS,SVM,0,3,28,P08,D1,0,0
HS,SVM,0,3,29,P08,D2,0,0
HS,SVM,0,3,30,P08,D3,0,0
HS,SVM,0,3,31,P08,D4,0,0
HS,SVM,0,3,72,P19,D1,1,0
HS,SVM,0,3,73,P19,D2,2,2
HS,SVM,0,3,74,P19,D3,3,2
HS,SVM,0,3,75,P19,D4,4,4
HS,SVM,0,3,80,P21,D1,1,1
HS,SVM,0,3,81,P21,D2,3,2
HS,SVM,0,3,82,P21,D3,3,3
HS,SVM,0,3,83,P21,D4,4,3
HS,SVM,0,3,84,P22,D1,2,2
HS,SVM,0,3,85,P22,D2,3,5
HS,SVM,0,3,86,P22,D3,4,4
HS,SVM,0,3,87,P22,D4,4,4
HS,SVM,0,3,96,P25,D1,1,0
HS,SVM,0,3,97,P25,D2,1,1
HS,SVM,0,3,98,P25,D3,2,2
HS,SVM,0,3,99,P25,D4,3,2
HS,SVM,0,3,108,P28,D1,2,2
HS,SVM,0,3,109,P28,D2,3,4
HS,SVM,0,3,110,P28,D3,4,5
HS,SVM,0,3,111,P28,D4,5,5
HS,SVM,0,3,112,P29,D1,1,1
HS,SVM,0,3,113,P29,D2,3,2
HS,SVM,0,3,114,P29,D3,3,3
HS,SVM,0,3,115,P29,D4,4,4
HS,SVM,0,3,120,P31,D1,2,2
HS,SVM,0,3,121,P31,D2,3,4
HS,SVM,0,3,122,P31,D3,4,4
HS,SVM,0,3,123,P31,D4,5,5
HS,SVM,0,3,124,P32,D1,3,2
HS,SVM,0,3,125,P32,D2,4,4
HS,SVM,0,3,126,P32,D3,4,5
HS,SVM,0,3,127,P32,D4,5,5
HS,SVM,0,3,128,P33,D1,2,3
HS,SVM,0,3,129,P33,D2,3,3
HS,SVM,0,3,130,P33,D3,4,4
HS,SVM,0,3,131,P33,D4,5,4
HS,SVM,0,3,148,P38,D1,1,0
HS,SVM,0,3,149,P38,D2,2,2
HS,SVM,0,3,150,P38,D3,3,2
HS,SVM,0,3,151,P38,D4,3,3
HS,KNN,0,3,0,P01,D1,0,0
HS,KNN,0,3,1,P01,D2,0,0
HS,KNN,0,3,2,P01,D3,0,0
HS,KNN,0,3,3,P01,D4,0,0
HS,KNN,0,3,4,P02,D1,0,0
HS,KNN,0,3,5,P02,D2,0,0
HS,KNN,0,3,6,P02,D3,0,0
HS,KNN,0,3,7,P02,D4,0,0
HS,KNN,0,3,28,P08,D1,0,0
HS,KNN,0,3,29,P08,D2,0,0
HS,KNN,0,3,30,P08,D3,0,0
HS,KNN,0,3,31,P08,D4,0,0
HS,KNN,0,3,72,P19,D1,1,0
HS,KNN,0,3,73,P19,D2,2,2
HS,KNN,0,3,74,P19,D3,3,2
HS,KNN,0,3,75,P19,D4,4,4
HS,KNN,0,3,80,P21,D1,1,1
HS,KNN,0,3,81,P21,D2,3,2
HS,KNN,0,3,82,P21,D3,3,4
HS,KNN,0,3,83,P21,D4,4,4
HS,KNN,0,3,84,P22,D1,2,1
HS,KNN,0,3,85,P22,D2,3,3
HS,KNN,0,3,86,P22,D3,4,4
HS,KNN,0,3,87,P22,D4,4,4
HS,KNN,0,3,96,P25,D1,1,0
HS,KNN,0,3,97,P25,D2,1,1
HS,KNN,0,3,98,P25,D3,2,2
HS,KNN,0,3,99,P25,D4,3,3
HS,KNN,0,3,108,P28,D1,2,3
HS,KNN,0,3,109,P28,D2,3,3
HS,KNN,0,3,110,P28,D3,4,4
HS,KNN,0,3,111,P28,D4,5,5
HS,KNN,0,3,112,P29,D1,1,1
HS,KNN,0,3,113,P29,D2,3,3
HS,KNN,0,3,114,P29,D3,3,3
HS,KNN,0,3,115,P29,D4,4,5
HS,KNN,0,3,120,P31,D1,2,2
HS,KNN,0,3,121,P31,D2,3,3
HS,KNN,0,3,122,P31,D3,4,4
HS,KNN,0,3,123,P31,D4,5,4
HS,KNN,0,3,124,P32,D1,3,1
HS,KNN,0,3,125,P32,D2,4,4
HS,KNN,0,3,126,P32,D3,4,4
HS,KNN,0,3,127,P32,D4,5,5
HS,KNN,0,3,128,P33,D1,2,2
HS,KNN,0,3,129,P33,D2,3,3
HS,KNN,0,3,130,P33,D3,4,5
HS,KNN,0,3,131,P33,D4,5,4
HS,KNN,0,3,148,P38,D1,1,1
HS,KNN,0,3,149,P38,D2,2,2
HS,KNN,0,3,150,P38,D3,3,1
HS,KNN,0,3,151,P38,D4,3,2
RGB,RF,0,3,0,P01,D1,0,0
RGB,RF,0,3,1,P01,D2,0,3
RGB,RF,0,3,2,P01,D3,0,2
RGB,RF,0,3,3,P01,D4,0,0
RGB,RF,0,3,4,P02,D1,0,0
RGB,RF,0,3,5,P02,D2,0,0
RGB,RF,0,3,6,P02,D3,0,1
RGB,RF,0,3,7,P02,D4,0,1
RGB,RF,0,3,28,P08,D1,0,1
RGB,RF,0,3,29,P08,D2,0,0
RGB,RF,0,3,30,P08,D3,0,0
RGB,RF,0,3,31,P08,D4,0,0
RGB,RF,0,3,72,P19,D1,1,1
RGB,RF,0,3,73,P19,D2,2,2
RGB,RF,0,3,74,P19,D3,3,3
RGB,RF,0,3,75,P19,D4,4,3
RGB,RF,0,3,80,P21,D1,1,1
RGB,RF,0,3,81,P21,D2,3,0
RGB,RF,0,3,82,P21,D3,3,3
RGB,RF,0,3,83,P21,D4,4,4
RGB,RF,0,3,84,P22,D1,2,1
RGB,RF,0,3,85,P22,D2,3,3
RGB,RF,0,3,86,P22,D3,4,4
RGB,RF,0,3,87,P22,D4,4,4
RGB,RF,0,3,96,P25,D1,1,3
RGB,RF,0,3,97,P25,D2,1,2
RGB,RF,0,3,98,P25,D3,2,4
RGB,RF,0,3,99,P25,D4,3,3
RGB,RF,0,3,108,P28,D1,2,3
RGB,RF,0,3,109,P28,D2,3,3
RGB,RF,0,3,110,P28,D3,4,4
RGB,RF,0,3,111,P28,D4,5,4
RGB,RF,0,3,112,P29,D1,1,1
RGB,RF,0,3,113,P29,D2,3,3
RGB,RF,0,3,114,P29,D3,3,3
RGB,RF,0,3,115,P29,D4,4,3
RGB,RF,0,3,120,P31,D1,2,2
RGB,RF,0,3,121,P31,D2,3,4
RGB,RF,0,3,122,P31,D3,4,4
RGB,RF,0,3,123,P31,D4,5,5
RGB,RF,0,3,124,P32,D1,3,0
RGB,RF,0,3,125,P32,D2,4,3
RGB,RF,0,3,126,P32,D3,4,5
RGB,RF,0,3,127,P32,D4,5,5
RGB,RF,0,3,128,P33,D1,2,2
RGB,RF,0,3,129,P33,D2,3,4
RGB,RF,0,3,130,P33,D3,4,5
RGB,RF,0,3,131,P33,D4,5,5
RGB,RF,0,3,148,P38,D1,1,1
RGB,RF,0,3,149,P38,D2,2,1
RGB,RF,0,3,150,P38,D3,3,2
RGB,RF,0,3,151,P38,D4,3,4
RGB,SVM,0,3,0,P01,D1,0,1
RGB,SVM,0,3,1,P01,D2,0,2
RGB,SVM,0,3,2,P01,D3,0,0
RGB,SVM,0,3,3,P01,D4,0,0
RGB,SVM,0,3,4,P02,D1,0,2
RGB,SVM,0,3,5,P02,D2,0,0
RGB,SVM,0,3,6,P02,D3,0,1
RGB,SVM,0,3,7,P02,D4,0,1
RGB,SVM,0,3,28,P08,D1,0,1
RGB,SVM,0,3,29,P08,D2,0,0
RGB,SVM,0,3,30,P08,D3,0,1
RGB,SVM,0,3,31,P08,D4,0,0
RGB,SVM,0,3,72,P19,D1,1,1
RGB,SVM,0,3,73,P19,D2,2,0
RGB,SVM,0,3,74,P19,D3,3,3
RGB,SVM,0,3,75,P19,D4,4,3
RGB,SVM,0,3,80,P21,D1,1,1
RGB,SVM,0,3,81,P21,D2,3,0
RGB,SVM,0,3,82,P21,D3,3,3
RGB,SVM,0,3,83,P21,D4,4,4
RGB,SVM,0,3,84,P22,D1,2,2
RGB,SVM,0,3,85,P22,D2,3,4
RGB,SVM,0,3,86,P22,D3,4,4
RGB,SVM,0,3,87,P22,D4,4,4
RGB,SVM,0,3,96,P25,D1,1,3
RGB,SVM,0,3,97,P25,D2,1,0
RGB,SVM,0,3,98,P25,D3,2,0
RGB,SVM,0,3,99,P25,D4,3,0
RGB,SVM,0,3,108,P28,D1,2,2
RGB,SVM,0,3,109,P28,D2,3,3
RGB,SVM,0,3,110,P28,D3,4,4
RGB,SVM,0,3,111,P28,D4,5,4
RGB,SVM,0,3,112,P29,D1,1,0
RGB,SVM,0,3,113,P29,D2,3,3
RGB,SVM,0,3,114,P29,D3,3,3
RGB,SVM,0,3,115,P29,D4,4,3
RGB,SVM,0,3,120,P31,D1,2,0
RGB,SVM,0,3,121,P31,D2,3,4
RGB,SVM,0,3,122,P31,D3,4,4
RGB,SVM,0,3,123,P31,D4,5,5
RGB,SVM,0,3,124,P32,D1,3,1
RGB,SVM,0,3,125,P32,D2,4,4
RGB,SVM,0,3,126,P32,D3,4,5
RGB,SVM,0,3,127,P32,D4,5,5
RGB,SVM,0,3,128,P33,D1,2,0
RGB,SVM,0,3,129,P33,D2,3,4
RGB,SVM,0,3,130,P33,D3,4,5
RGB,SVM,0,3,131,P33,D4,5,5
RGB,SVM,0,3,148,P38,D1,1,1
RGB,SVM,0,3,149,P38,D2,2,1
RGB,SVM,0,3,150,P38,D3,3,0
RGB,SVM,0,3,151,P38,D4,3,4
RGB,KNN,0,3,0,P01,D1,0,0
RGB,KNN,0,3,1,P01,D2,0,0
RGB,KNN,0,3,2,P01,D3,0,3
RGB,KNN,0,3,3,P01,D4,0,0
RGB,KNN,0,3,4,P02,D1,0,2
RGB,KNN,0,3,5,P02,D2,0,0
RGB,KNN,0,3,6,P02,D3,0,1
RGB,KNN,0,3,7,P02,D4,0,0
RGB,KNN,0,3,28,P08,D1,0,1
RGB,KNN,0,3,29,P08,D2,0,0
RGB,KNN,0,3,30,P08,D3,0,1
RGB,KNN,0,3,31,P08,D4,0,1
RGB,KNN,0,3,72,P19,D1,1,1
RGB,KNN,0,3,73,P19,D2,2,2
RGB,KNN,0,3,74,P19,D3,3,3
RGB,KNN,0,3,75,P19,D4,4,3
RGB,KNN,0,3,80,P21,D1,1,1
RGB,KNN,0,3,81,P21,D2,3,0
RGB,KNN,0,3,82,P21,D3,3,3
RGB,KNN,0,3,83,P21,D4,4,4
RGB,KNN,0,3,84,P22,D1,2,3
RGB,KNN,0,3,85,P22,D2,3,4
RGB,KNN,0,3,86,P22,D3,4,4
RGB,KNN,0,3,87,P22,D4,4,4
RGB,KNN,0,3,96,P25,D1,1,3
RGB,KNN,0,3,97,P25,D2,1,0
RGB,KNN,0,3,98,P25,D3,2,0
RGB,KNN,0,3,99,P25,D4,3,3
RGB,KNN,0,3,108,P28,D1,2,3
RGB,KNN,0,3,109,P28,D2,3,3
RGB,KNN,0,3,110,P28,D3,4,4
RGB,KNN,0,3,111,P28,D4,5,4
RGB,KNN,0,3,112,P29,D1,1,0
RGB,KNN,0,3,113,P29,D2,3,3
RGB,KNN,0,3,114,P29,D3,3,3
RGB,KNN,0,3,115,P29,D4,4,3
RGB,KNN,0,3,120,P31,D1,2,2
RGB,KNN,0,3,121,P31,D2,3,4
RGB,KNN,0,3,122,P31,D3,4,4
RGB,KNN,0,3,123,P31,D4,5,5
RGB,KNN,0,3,124,P32,D1,3,3
RGB,KNN,0,3,125,P32,D2,4,4
RGB,KNN,0,3,126,P32,D3,4,4
RGB,KNN,0,3,127,P32,D4,5,5
RGB,KNN,0,3,128,P33,D1,2,0
RGB,KNN,0,3,129,P33,D2,3,4
RGB,KNN,0,3,130,P33,D3,4,4
RGB,KNN,0,3,131,P33,D4,5,5
RGB,KNN,0,3,148,P38,D1,1,1
RGB,KNN,0,3,149,P38,D2,2,1
RGB,KNN,0,3,150,P38,D3,3,3
RGB,KNN,0,3,151,P38,D4,3,4
TIR,RF,0,3,0,P01,D1,0,0
TIR,RF,0,3,1,P01,D2,0,0
TIR,RF,0,3,2,P01,D3,0,0
TIR,RF,0,3,3,P01,D4,0,0
TIR,RF,0,3,4,P02,D1,0,3
TIR,RF,0,3,5,P02,D2,0,1
TIR,RF,0,3,6,P02,D3,0,0
TIR,RF,0,3,7,P02,D4,0,0
TIR,RF,0,3,28,P08,D1,0,1
TIR,RF,0,3,29,P08,D2,0,0
TIR,RF,0,3,30,P08,D3,0,1
TIR,RF,0,3,31,P08,D4,0,0
TIR,RF,0,3,72,P19,D1,1,2
TIR,RF,0,3,73,P19,D2,2,3
TIR,RF,0,3,74,P19,D3,3,4
TIR,RF,0,3,75,P19,D4,4,4
TIR,RF,0,3,80,P21,D1,1,1
TIR,RF,0,3,81,P21,D2,3,3
TIR,RF,0,3,82,P21,D3,3,4
TIR,RF,0,3,83,P21,D4,4,4
TIR,RF,0,3,84,P22,D1,2,2
TIR,RF,0,3,85,P22,D2,3,3
TIR,RF,0,3,86,P22,D3,4,4
TIR,RF,0,3,87,P22,D4,4,5
TIR,RF,0,3,96,P25,D1,1,1
TIR,RF,0,3,97,P25,D2,1,0
TIR,RF,0,3,98,P25,D3,2,0
TIR,RF,0,3,99,P25,D4,3,0
TIR,RF,0,3,108,P28,D1,2,2
TIR,RF,0,3,109,P28,D2,3,4
TIR,RF,0,3,110,P28,D3,4,4
TIR,RF,0,3,111,P28,D4,5,4
TIR,RF,0,3,112,P29,D1,1,1
TIR,RF,0,3,113,P29,D2,3,3
TIR,RF,0,3,114,P29,D3,3,4
TIR,RF,0,3,115,P29,D4,4,4
TIR,RF,0,3,120,P31,D1,2,2
TIR,RF,0,3,121,P31,D2,3,3
TIR,RF,0,3,122,P31,D3,4,4
TIR,RF,0,3,123,P31,D4,5,5
TIR,RF,0,3,124,P32,D1,3,2
TIR,RF,0,3,125,P32,D2,4,4
TIR,RF,0,3,126,P32,D3,4,4
TIR,RF,0,3,127,P32,D4,5,5
TIR,RF,0,3,128,P33,D1,2,3
TIR,RF,0,3,129,P33,D2,3,3
TIR,RF,0,3,130,P33,D3,4,4
TIR,RF,0,3,131,P33,D4,5,5
TIR,RF,0,3,148,P38,D1,1,1
TIR,RF,0,3,149,P38,D2,2,2
TIR,RF,0,3,150,P38,D3,3,3
TIR,RF,0,3,151,P38,D4,3,4
TIR,SVM,0,3,0,P01,D1,0,1
TIR,SVM,0,3,1,P01,D2,0,0
TIR,SVM,0,3,2,P01,D3,0,0
TIR,SVM,0,3,3,P01,D4,0,0
TIR,SVM,0,3,4,P02,D1,0,2
TIR,SVM,0,3,5,P02,D2,0,0
TIR,SVM,0,3,6,P02,D3,0,0
TIR,SVM,0,3,7,P02,D4,0,0
TIR,SVM,0,3,28,P08,D1,0,1
TIR,SVM,0,3,29,P08,D2,0,0
TIR,SVM,0,3,30,P08,D3,0,1
TIR,SVM,0,3,31,P08,D4,0,0
TIR,SVM,0,3,72,P19,D1,1,2
TIR,SVM,0,3,73,P19,D2,2,2
TIR,SVM,0,3,74,P19,D3,3,4
TIR,SVM,0,3,75,P19,D4,4,5
TIR,SVM,0,3,80,P21,D1,1,1
TIR,SVM,0,3,81,P21,D2,3,2
TIR,SVM,0,3,82,P21,D3,3,4
TIR,SVM,0,3,83,P21,D4,4,4
TIR,SVM,0,3,84,P22,D1,2,2
TIR,SVM,0,3,85,P22,D2,3,2
TIR,SVM,0,3,86,P22,D3,4,4
TIR,SVM,0,3,87,P22,D4,4,5
TIR,SVM,0,3,96,P25,D1,1,1
TIR,SVM,0,3,97,P25,D2,1,0
TIR,SVM,0,3,98,P25,D3,2,0
TIR,SVM,0,3,99,P25,D4,3,0
TIR,SVM,0,3,108,P28,D1,2,2
TIR,SVM,0,3,109,P28,D2,3,3
TIR,SVM,0,3,110,P28,D3,4,4
TIR,SVM,0,3,111,P28,D4,5,5
TIR,SVM,0,3,112,P29,D1,1,1
TIR,SVM,0,3,113,P29,D2,3,3
TIR,SVM,0,3,114,P29,D3,3,4
TIR,SVM,0,3,115,P29,D4,4,5
TIR,SVM,0,3,120,P31,D1,2,2
TIR,SVM,0,3,121,P31,D2,3,3
TIR,SVM,0,3,122,P31,D3,4,4
TIR,SVM,0,3,123,P31,D4,5,5
TIR,SVM,0,3,124,P32,D1,3,2
TIR,SVM,0,3,125,P32,D2,4,4
TIR,SVM,0,3,126,P32,D3,4,4
TIR,SVM,0,3,127,P32,D4,5,5
TIR,SVM,0,3,128,P33,D1,2,2
TIR,SVM,0,3,129,P33,D2,3,3
TIR,SVM,0,3,130,P33,D3,4,4
TIR,SVM,0,3,131,P33,D4,5,5
TIR,SVM,0,3,148,P38,D1,1,1
TIR,SVM,0,3,149,P38,D2,2,1
TIR,SVM,0,3,150,P38,D3,3,3
TIR,SVM,0,3,151,P38,D4,3,4
TIR,KNN,0,3,0,P01,D1,0,0
TIR,KNN,0,3,1,P01,D2,0,0
TIR,KNN,0,3,2,P01,D3,0,0
TIR,KNN,0,3,3,P01,D4,0,0
TIR,KNN,0,3,4,P02,D1,0,0
TIR,KNN,0,3,5,P02,D2,0,0
TIR,KNN,0,3,6,P02,D3,0,0
TIR,KNN,0,3,7,P02,D4,0,0
TIR,KNN,0,3,28,P08,D1,0,0
TIR,KNN,0,3,29,P08,D2,0,0
TIR,KNN,0,3,30,P08,D3,0,0
TIR,KNN,0,3,31,P08,D4,0,0
TIR,KNN,0,3,72,P19,D1,1,2
TIR,KNN,0,3,73,P19,D2,2,3
TIR,KNN,0,3,74,P19,D3,3,4
TIR,KNN,0,3,75,P19,D4,4,4
TIR,KNN,0,3,80,P21,D1,1,1
TIR,KNN,0,3,81,P21,D2,3,3
TIR,KNN,0,3,82,P21,D3,3,4
TIR,KNN,0,3,83,P21,D4,4,4
TIR,KNN,0,3,84,P22,D1,2,2
TIR,KNN,0,3,85,P22,D2,3,3
TIR,KNN,0,3,86,P22,D3,4,4
TIR,KNN,0,3,87,P22,D4,4,5
TIR,KNN,0,3,96,P25,D1,1,1
TIR,KNN,0,3,97,P25,D2,1,0
TIR,KNN,0,3,98,P25,D3,2,0
TIR,KNN,0,3,99,P25,D4,3,0
TIR,KNN,0,3,108,P28,D1,2,2
TIR,KNN,0,3,109,P28,D2,3,3
TIR,KNN,0,3,110,P28,D3,4,4
TIR,KNN,0,3,111,P28,D4,5,5
TIR,KNN,0,3,112,P29,D1,1,1
TIR,KNN,0,3,113,P29,D2,3,3
TIR,KNN,0,3,114,P29,D3,3,4
TIR,KNN,0,3,115,P29,D4,4,4
TIR,KNN,0,3,120,P31,D1,2,2
TIR,KNN,0,3,121,P31,D2,3,3
TIR,KNN,0,3,122,P31,D3,4,4
TIR,KNN,0,3,123,P31,D4,5,5
TIR,KNN,0,3,124,P32,D1,3,2
TIR,KNN,0,3,125,P32,D2,4,3
TIR,KNN,0,3,126,P32,D3,4,4
TIR,KNN,0,3,127,P32,D4,5,5
TIR,KNN,0,3,128,P33,D1,2,2
TIR,KNN,0,3,129,P33,D2,3,3
TIR,KNN,0,3,130,P33,D3,4,4
TIR,KNN,0,3,131,P33,D4,5,5
TIR,KNN,0,3,148,P38,D1,1,1
TIR,KNN,0,3,149,P38,D2,2,2
TIR,KNN,0,3,150,P38,D3,3,3
TIR,KNN,0,3,151,P38,D4,3,4
MS+TIR,RF,0,3,0,P01,D1,0,1
MS+TIR,RF,0,3,1,P01,D2,0,1
MS+TIR,RF,0,3,2,P01,D3,0,0
MS+TIR,RF,0,3,3,P01,D4,0,0
MS+TIR,RF,0,3,4,P02,D1,0,0
MS+TIR,RF,0,3,5,P02,D2,0,0
MS+TIR,RF,0,3,6,P02,D3,0,0
MS+TIR,RF,0,3,7,P02,D4,0,0
MS+TIR,RF,0,3,28,P08,D1,0,0
MS+TIR,RF,0,3,29,P08,D2,0,0
MS+TIR,RF,0,3,30,P08,D3,0,0
MS+TIR,RF,0,3,31,P08,D4,0,0
MS+TIR,RF,0,3,72,P19,D1,1,2
MS+TIR,RF,0,3,73,P19,D2,2,3
MS+TIR,RF,0,3,74,P19,D3,3,4
MS+TIR,RF,0,3,75,P19,D4,4,4
MS+TIR,RF,0,3,80,P21,D1,1,1
MS+TIR,RF,0,3,81,P21,D2,3,2
MS+TIR,RF,0,3,82,P21,D3,3,4
MS+TIR,RF,0,3,83,P21,D4,4,4
MS+TIR,RF,0,3,84,P22,D1,2,2
MS+TIR,RF,0,3,85,P22,D2,3,3
MS+TIR,RF,0,3,86,P22,D3,4,5
MS+TIR,RF,0,3,87,P22,D4,4,5
MS+TIR,RF,0,3,96,P25,D1,1,0
MS+TIR,RF,0,3,97,P25,D2,1,1
MS+TIR,RF,0,3,98,P25,D3,2,1
MS+TIR,RF,0,3,99,P25,D4,3,1
MS+TIR,RF,0,3,108,P28,D1,2,2
MS+TIR,RF,0,3,109,P28,D2,3,3
MS+TIR,RF,0,3,110,P28,D3,4,4
MS+TIR,RF,0,3,111,P28,D4,5,4
MS+TIR,RF,0,3,112,P29,D1,1,1
MS+TIR,RF,0,3,113,P29,D2,3,3
MS+TIR,RF,0,3,114,P29,D3,3,3
MS+TIR,RF,0,3,115,P29,D4,4,4
MS+TIR,RF,0,3,120,P31,D1,2,2
MS+TIR,RF,0,3,121,P31,D2,3,3
MS+TIR,RF,0,3,122,P31,D3,4,4
MS+TIR,RF,0,3,123,P31,D4,5,5
MS+TIR,RF,0,3,124,P32,D1,3,2
MS+TIR,RF,0,3,125,P32,D2,4,3
MS+TIR,RF,0,3,126,P32,D3,4,4
MS+TIR,RF,0,3,127,P32,D4,5,5
MS+TIR,RF,0,3,128,P33,D1,2,3
MS+TIR,RF,0,3,129,P33,D2,3,3
MS+TIR,RF,0,3,130,P33,D3,4,4
MS+TIR,RF,0,3,131,P33,D4,5,5
MS+TIR,RF,0,3,148,P38,D1,1,1
MS+TIR,RF,0,3,149,P38,D2,2,2
MS+TIR,RF,0,3,150,P38,D3,3,2
MS+TIR,RF,0,3,151,P38,D4,3,4
MS+TIR,SVM,0,3,0,P01,D1,0,1
MS+TIR,SVM,0,3,1,P01,D2,0,1
MS+TIR,SVM,0,3,2,P01,D3,0,0
MS+TIR,SVM,0,3,3,P01,D4,0,0
MS+TIR,SVM,0,3,4,P02,D1,0,0
MS+TIR,SVM,0,3,5,P02,D2,0,0
MS+TIR,SVM,0,3,6,P02,D3,0,0
MS+TIR,SVM,0,3,7,P02,D4,0,0
MS+TIR,SVM,0,3,28,P08,D1,0,0
MS+TIR,SVM,0,3,29,P08,D2,0,0
MS+TIR,SVM,0,3,30,P08,D3,0,0
MS+TIR,SVM,0,3,31,P08,D4,0,0
MS+TIR,SVM,0,3,72,P19,D1,1,2
MS+TIR,SVM,0,3,73,P19,D2,2,3
MS+TIR,SVM,0,3,74,P19,D3,3,3
MS+TIR,SVM,0,3,75,P19,D4,4,4
MS+TIR,SVM,0,3,80,P21,D1,1,1
MS+TIR,SVM,0,3,81,P21,D2,3,2
MS+TIR,SVM,0,3,82,P21,D3,3,4
MS+TIR,SVM,0,3,83,P21,D4,4,4
MS+TIR,SVM,0,3,84,P22,D1,2,2
MS+TIR,SVM,0,3,85,P22,D2,3,3
MS+TIR,SVM,0,3,86,P22,D3,4,5
MS+TIR,SVM,0,3,87,P22,D4,4,5
MS+TIR,SVM,0,3,96,P25,D1,1,0
MS+TIR,SVM,0,3,97,P25,D2,1,1
MS+TIR,SVM,0,3,98,P25,D3,2,1
MS+TIR,SVM,0,3,99,P25,D4,3,2
MS+TIR,SVM,0,3,108,P28,D1,2,2
MS+TIR,SVM,0,3,109,P28,D2,3,3
MS+TIR,SVM,0,3,110,P28,D3,4,4
MS+TIR,SVM,0,3,111,P28,D4,5,5
MS+TIR,SVM,0,3,112,P29,D1,1,1
MS+TIR,SVM,0,3,113,P29,D2,3,3
MS+TIR,SVM,0,3,114,P29,D3,3,3
MS+TIR,SVM,0,3,115,P29,D4,4,4
MS+TIR,SVM,0,3,120,P31,D1,2,2
MS+TIR,SVM,0,3,121,P31,D2,3,4
MS+TIR,SVM,0,3,122,P31,D3,4,5
MS+TIR,SVM,0,3,123,P31,D4,5,5
MS+TIR,SVM,0,3,124,P32,D1,3,2
MS+TIR,SVM,0,3,125,P32,D2,4,4
MS+TIR,SVM,0,3,126,P32,D3,4,4
MS+TIR,SVM,0,3,127,P32,D4,5,5
MS+TIR,SVM,0,3,128,P33,D1,2,2
MS+TIR,SVM,0,3,129,P33,D2,3,4
MS+TIR,SVM,0,3,130,P33,D3,4,5
MS+TIR,SVM,0,3,131,P33,D4,5,5
MS+TIR,SVM,0,3,148,P38,D1,1,0
MS+TIR,SVM,0,3,149,P38,D2,2,2
MS+TIR,SVM,0,3,150,P38,D3,3,2
MS+TIR,SVM,0,3,151,P38,D4,3,4
MS+TIR,KNN,0,3,0,P01,D1,0,0
MS+TIR,KNN,0,3,1,P01,D2,0,1
MS+TIR,KNN,0,3,2,P01,D3,0,0
MS+TIR,KNN,0,3,3,P01,D4,0,0
MS+TIR,KNN,0,3,4,P02,D1,0,0
MS+TIR,KNN,0,3,5,P02,D2,0,0
MS+TIR,KNN,0,3,6,P02,D3,0,0
MS+TIR,KNN,0,3,7,P02,D4,0,0
MS+TIR,KNN,0,3,28,P08,D1,0,0
MS+TIR,KNN,0,3,29,P08,D2,0,0
MS+TIR,KNN,0,3,30,P08,D3,0,0
MS+TIR,KNN,0,3,31,P08,D4,0,0
MS+TIR,KNN,0,3,72,P19,D1,1,2
MS+TIR,KNN,0,3,73,P19,D2,2,2
MS+TIR,KNN,0,3,74,P19,D3,3,3
MS+TIR,KNN,0,3,75,P19,D4,4,4
MS+TIR,KNN,0,3,80,P21,D1,1,1
MS+TIR,KNN,0,3,81,P21,D2,3,2
MS+TIR,KNN,0,3,82,P21,D3,3,4
MS+TIR,KNN,0,3,83,P21,D4,4,3
MS+TIR,KNN,0,3,84,P22,D1,2,2
MS+TIR,KNN,0,3,85,P22,D2,3,3
MS+TIR,KNN,0,3,86,P22,D3,4,4
MS+TIR,KNN,0,3,87,P22,D4,4,5
MS+TIR,KNN,0,3,96,P25,D1,1,0
MS+TIR,KNN,0,3,97,P25,D2,1,1
MS+TIR,KNN,0,3,98,P25,D3,2,1
MS+TIR,KNN,0,3,99,P25,D4,3,2
MS+TIR,KNN,0,3,108,P28,D1,2,3
MS+TIR,KNN,0,3,109,P28,D2,3,3
MS+TIR,KNN,0,3,110,P28,D3,4,4
MS+TIR,KNN,0,3,111,P28,D4,5,4
MS+TIR,KNN,0,3,112,P29,D1,1,1
MS+TIR,KNN,0,3,113,P29,D2,3,2
MS+TIR,KNN,0,3,114,P29,D3,3,3
MS+TIR,KNN,0,3,115,P29,D4,4,5
MS+TIR,KNN,0,3,120,P31,D1,2,2
MS+TIR,KNN,0,3,121,P31,D2,3,4
MS+TIR,KNN,0,3,122,P31,D3,4,4
MS+TIR,KNN,0,3,123,P31,D4,5,5
MS+TIR,KNN,0,3,124,P32,D1,3,2
MS+TIR,KNN,0,3,125,P32,D2,4,5
MS+TIR,KNN,0,3,126,P32,D3,4,4
MS+TIR,KNN,0,3,127,P32,D4,5,5
MS+TIR,KNN,0,3,128,P33,D1,2,2
MS+TIR,KNN,0,3,129,P33,D2,3,4
MS+TIR,KNN,0,3,130,P33,D3,4,4
MS+TIR,KNN,0,3,131,P33,D4,5,5
MS+TIR,KNN,0,3,148,P38,D1,1,0
MS+TIR,KNN,0,3,149,P38,D2,2,2
MS+TIR,KNN,0,3,150,P38,D3,3,2
MS+TIR,KNN,0,3,151,P38,D4,3,4
ALL4,RF,0,3,0,P01,D1,0,0
ALL4,RF,0,3,1,P01,D2,0,0
ALL4,RF,0,3,2,P01,D3,0,0
ALL4,RF,0,3,3,P01,D4,0,0
ALL4,RF,0,3,4,P02,D1,0,0
ALL4,RF,0,3,5,P02,D2,0,0
ALL4,RF,0,3,6,P02,D3,0,0
ALL4,RF,0,3,7,P02,D4,0,0
ALL4,RF,0,3,28,P08,D1,0,0
ALL4,RF,0,3,29,P08,D2,0,0
ALL4,RF,0,3,30,P08,D3,0,0
ALL4,RF,0,3,31,P08,D4,0,0
ALL4,RF,0,3,72,P19,D1,1,0
ALL4,RF,0,3,73,P19,D2,2,2
ALL4,RF,0,3,74,P19,D3,3,3
ALL4,RF,0,3,75,P19,D4,4,4
ALL4,RF,0,3,80,P21,D1,1,1
ALL4,RF,0,3,81,P21,D2,3,2
ALL4,RF,0,3,82,P21,D3,3,3
ALL4,RF,0,3,83,P21,D4,4,4
ALL4,RF,0,3,84,P22,D1,2,2
ALL4,RF,0,3,85,P22,D2,3,3
ALL4,RF,0,3,86,P22,D3,4,4
ALL4,RF,0,3,87,P22,D4,4,5
ALL4,RF,0,3,96,P25,D1,1,0
ALL4,RF,0,3,97,P25,D2,1,1
ALL4,RF,0,3,98,P25,D3,2,1
ALL4,RF,0,3,99,P25,D4,3,1
ALL4,RF,0,3,108,P28,D1,2,2
ALL4,RF,0,3,109,P28,D2,3,3
ALL4,RF,0,3,110,P28,D3,4,4
ALL4,RF,0,3,111,P28,D4,5,4
ALL4,RF,0,3,112,P29,D1,1,1
ALL4,RF,0,3,113,P29,D2,3,3
ALL4,RF,0,3,114,P29,D3,3,3
ALL4,RF,0,3,115,P29,D4,4,4
ALL4,RF,0,3,120,P31,D1,2,2
ALL4,RF,0,3,121,P31,D2,3,4
ALL4,RF,0,3,122,P31,D3,4,4
ALL4,RF,0,3,123,P31,D4,5,5
ALL4,RF,0,3,124,P32,D1,3,2
ALL4,RF,0,3,125,P32,D2,4,4
ALL4,RF,0,3,126,P32,D3,4,4
ALL4,RF,0,3,127,P32,D4,5,5
ALL4,RF,0,3,128,P33,D1,2,2
ALL4,RF,0,3,129,P33,D2,3,4
ALL4,RF,0,3,130,P33,D3,4,4
ALL4,RF,0,3,131,P33,D4,5,5
ALL4,RF,0,3,148,P38,D1,1,1
ALL4,RF,0,3,149,P38,D2,2,1
ALL4,RF,0,3,150,P38,D3,3,3
ALL4,RF,0,3,151,P38,D4,3,4
ALL4,SVM,0,3,0,P01,D1,0,1
ALL4,SVM,0,3,1,P01,D2,0,0
ALL4,SVM,0,3,2,P01,D3,0,0
ALL4,SVM,0,3,3,P01,D4,0,0
ALL4,SVM,0,3,4,P02,D1,0,0
ALL4,SVM,0,3,5,P02,D2,0,0
ALL4,SVM,0,3,6,P02,D3,0,0
ALL4,SVM,0,3,7,P02,D4,0,0
ALL4,SVM,0,3,28,P08,D1,0,1
ALL4,SVM,0,3,29,P08,D2,0,0
ALL4,SVM,0,3,30,P08,D3,0,0
ALL4,SVM,0,3,31,P08,D4,0,0
ALL4,SVM,0,3,72,P19,D1,1,2
ALL4,SVM,0,3,73,P19,D2,2,2
ALL4,SVM,0,3,74,P19,D3,3,3
ALL4,SVM,0,3,75,P19,D4,4,4
ALL4,SVM,0,3,80,P21,D1,1,1
ALL4,SVM,0,3,81,P21,D2,3,2
ALL4,SVM,0,3,82,P21,D3,3,3
ALL4,SVM,0,3,83,P21,D4,4,4
ALL4,SVM,0,3,84,P22,D1,2,2
ALL4,SVM,0,3,85,P22,D2,3,3
ALL4,SVM,0,3,86,P22,D3,4,4
ALL4,SVM,0,3,87,P22,D4,4,5
ALL4,SVM,0,3,96,P25,D1,1,0
ALL4,SVM,0,3,97,P25,D2,1,1
ALL4,SVM,0,3,98,P25,D3,2,2
ALL4,SVM,0,3,99,P25,D4,3,3
ALL4,SVM,0,3,108,P28,D1,2,2
ALL4,SVM,0,3,109,P28,D2,3,3
ALL4,SVM,0,3,110,P28,D3,4,4
ALL4,SVM,0,3,111,P28,D4,5,4
ALL4,SVM,0,3,112,P29,D1,1,1
ALL4,SVM,0,3,113,P29,D2,3,3
ALL4,SVM,0,3,114,P29,D3,3,3
ALL4,SVM,0,3,115,P29,D4,4,4
ALL4,SVM,0,3,120,P31,D1,2,2
ALL4,SVM,0,3,121,P31,D2,3,4
ALL4,SVM,0,3,122,P31,D3,4,4
ALL4,SVM,0,3,123,P31,D4,5,5
ALL4,SVM,0,3,124,P32,D1,3,2
ALL4,SVM,0,3,125,P32,D2,4,4
ALL4,SVM,0,3,126,P32,D3,4,4
ALL4,SVM,0,3,127,P32,D4,5,5
ALL4,SVM,0,3,128,P33,D1,2,2
ALL4,SVM,0,3,129,P33,D2,3,4
ALL4,SVM,0,3,130,P33,D3,4,4
ALL4,SVM,0,3,131,P33,D4,5,5
ALL4,SVM,0,3,148,P38,D1,1,1
ALL4,SVM,0,3,149,P38,D2,2,2
ALL4,SVM,0,3,150,P38,D3,3,2
ALL4,SVM,0,3,151,P38,D4,3,4
ALL4,KNN,0,3,0,P01,D1,0,0
ALL4,KNN,0,3,1,P01,D2,0,0
ALL4,KNN,0,3,2,P01,D3,0,0
ALL4,KNN,0,3,3,P01,D4,0,0
ALL4,KNN,0,3,4,P02,D1,0,0
ALL4,KNN,0,3,5,P02,D2,0,0
ALL4,KNN,0,3,6,P02,D3,0,0
ALL4,KNN,0,3,7,P02,D4,0,0
ALL4,KNN,0,3,28,P08,D1,0,0
ALL4,KNN,0,3,29,P08,D2,0,0
ALL4,KNN,0,3,30,P08,D3,0,0
ALL4,KNN,0,3,31,P08,D4,0,0
ALL4,KNN,0,3,72,P19,D1,1,0
ALL4,KNN,0,3,73,P19,D2,2,3
ALL4,KNN,0,3,74,P19,D3,3,2
ALL4,KNN,0,3,75,P19,D4,4,4
ALL4,KNN,0,3,80,P21,D1,1,1
ALL4,KNN,0,3,81,P21,D2,3,2
ALL4,KNN,0,3,82,P21,D3,3,3
ALL4,KNN,0,3,83,P21,D4,4,4
ALL4,KNN,0,3,84,P22,D1,2,2
ALL4,KNN,0,3,85,P22,D2,3,3
ALL4,KNN,0,3,86,P22,D3,4,4
ALL4,KNN,0,3,87,P22,D4,4,4
ALL4,KNN,0,3,96,P25,D1,1,0
ALL4,KNN,0,3,97,P25,D2,1,1
ALL4,KNN,0,3,98,P25,D3,2,2
ALL4,KNN,0,3,99,P25,D4,3,3
ALL4,KNN,0,3,108,P28,D1,2,1
ALL4,KNN,0,3,109,P28,D2,3,3
ALL4,KNN,0,3,110,P28,D3,4,4
ALL4,KNN,0,3,111,P28,D4,5,4
ALL4,KNN,0,3,112,P29,D1,1,1
ALL4,KNN,0,3,113,P29,D2,3,3
ALL4,KNN,0,3,114,P29,D3,3,3
ALL4,KNN,0,3,115,P29,D4,4,4
ALL4,KNN,0,3,120,P31,D1,2,2
ALL4,KNN,0,3,121,P31,D2,3,3
ALL4,KNN,0,3,122,P31,D3,4,4
ALL4,KNN,0,3,123,P31,D4,5,5
ALL4,KNN,0,3,124,P32,D1,3,2
ALL4,KNN,0,3,125,P32,D2,4,4
ALL4,KNN,0,3,126,P32,D3,4,4
ALL4,KNN,0,3,127,P32,D4,5,5
ALL4,KNN,0,3,128,P33,D1,2,2
ALL4,KNN,0,3,129,P33,D2,3,3
ALL4,KNN,0,3,130,P33,D3,4,4
ALL4,KNN,0,3,131,P33,D4,5,5
ALL4,KNN,0,3,148,P38,D1,1,1
ALL4,KNN,0,3,149,P38,D2,2,2
ALL4,KNN,0,3,150,P38,D3,3,2
ALL4,KNN,0,3,151,P38,D4,3,4
